Title,Price,Location,Carpet Area,Status,Floor,Furnishing,Bathrooms,Balconies,Parking,Facing,Image URL,Posted
"2 BHK Flat  for Sale in 100 Feet Road, Kalyan",₹57 Lac,"100 Feet Road, Kalyan",592 sqft,Poss. by Mar '25,15 out of 22,Semi-Furnished,2,2,"1 Covered,",East,https://img.staticmb.com/mbphoto/property/cropped_images/2023/Dec/27/Photo_h300_w450/70644377_4_hoto920231227113811_300_450.jpg,Posted:   Yesterday
"2 BHK Flat  for Sale in Dombivli, Kalyan",₹55 Lac,"Dombivli, Kalyan",559 sqft,Poss. by Dec '24,4 out of 14,Furnished,2,,1 Open,East,https://img.staticmb.com/mbphoto/property/cropped_images/2024/May/07/Photo_h300_w450/72692223_4_hatsAppImage20240507at5.06.36PM_300_450.jpeg,Posted:   Yesterday
3 BHK Villa for Sale in Dombivli Kalyan,₹3.20 Cr,Dombivli Kalyan,2268 sqft,Poss. by Dec '25,,Furnished,6,2,2 Covered,East,https://img.staticmb.com/mbphoto/property/cropped_images/2024/Feb/27/Photo_h300_w450/71208191_5_odhaVillaRoyaleBunglow450Lighter_300_450.jpg,"Posted:   Sep 15, '24"
"2 BHK Flat  for Sale in Sai Srushti co operative society, Gauripada, Kalyan",₹76 Lac,"Sai Srushti co operative society, Gauripada, Kalyan",651 sqft,Ready to Move,6 out of 20,Unfurnished,2,4,,West,"data:image/svg+xml;base64,PD94bWwgdmVyc2lvbj0iMS4wIiBlbmNvZGluZz0iVVRGLTgiPz48c3ZnIHdpZHRoPSI5OTk5OXB4IiBoZWlnaHQ9Ijk5OTk5cHgiIHZpZXdCb3g9IjAgMCA5OTk5OSA5OTk5OSIgdmVyc2lvbj0iMS4xIiB4bWxucz0iaHR0cDovL3d3dy53My5vcmcvMjAwMC9zdmciIHhtbG5zOnhsaW5rPSJodHRwOi8vd3d3LnczLm9yZy8xOTk5L3hsaW5rIj48ZyBzdHJva2U9Im5vbmUiIGZpbGw9Im5vbmUiIGZpbGwtb3BhY2l0eT0iMCI+PHJlY3QgeD0iMCIgeT0iMCIgd2lkdGg9Ijk5OTk5IiBoZWlnaHQ9Ijk5OTk5Ij48L3JlY3Q+IDwvZz4gPC9zdmc+",Updated 5 days ago
"2 BHK Flat  for Sale in Godrej Hill, Kalyan",₹80 Lac,"Godrej Hill, Kalyan",803 sqft,Ready to Move,3 out of 5,Semi-Furnished,2,1,,East,"data:image/svg+xml;base64,PD94bWwgdmVyc2lvbj0iMS4wIiBlbmNvZGluZz0iVVRGLTgiPz48c3ZnIHdpZHRoPSI5OTk5OXB4IiBoZWlnaHQ9Ijk5OTk5cHgiIHZpZXdCb3g9IjAgMCA5OTk5OSA5OTk5OSIgdmVyc2lvbj0iMS4xIiB4bWxucz0iaHR0cDovL3d3dy53My5vcmcvMjAwMC9zdmciIHhtbG5zOnhsaW5rPSJodHRwOi8vd3d3LnczLm9yZy8xOTk5L3hsaW5rIj48ZyBzdHJva2U9Im5vbmUiIGZpbGw9Im5vbmUiIGZpbGwtb3BhY2l0eT0iMCI+PHJlY3QgeD0iMCIgeT0iMCIgd2lkdGg9Ijk5OTk5IiBoZWlnaHQ9Ijk5OTk5Ij48L3JlY3Q+IDwvZz4gPC9zdmc+",Updated today
"3 BHK Flat  for Sale in Dombivli, Kalyan",₹71.5 Lac,"Dombivli, Kalyan",1350 sqft,Ready to Move,1 out of 22,Unfurnished,3,5,1 Covered,East,"data:image/svg+xml;base64,PD94bWwgdmVyc2lvbj0iMS4wIiBlbmNvZGluZz0iVVRGLTgiPz48c3ZnIHdpZHRoPSI5OTk5OXB4IiBoZWlnaHQ9Ijk5OTk5cHgiIHZpZXdCb3g9IjAgMCA5OTk5OSA5OTk5OSIgdmVyc2lvbj0iMS4xIiB4bWxucz0iaHR0cDovL3d3dy53My5vcmcvMjAwMC9zdmciIHhtbG5zOnhsaW5rPSJodHRwOi8vd3d3LnczLm9yZy8xOTk5L3hsaW5rIj48ZyBzdHJva2U9Im5vbmUiIGZpbGw9Im5vbmUiIGZpbGwtb3BhY2l0eT0iMCI+PHJlY3QgeD0iMCIgeT0iMCIgd2lkdGg9Ijk5OTk5IiBoZWlnaHQ9Ijk5OTk5Ij48L3JlY3Q+IDwvZz4gPC9zdmc+","Posted:   Sep 02, '24"
"2 BHK Flat  for Sale in Dombivli, Kalyan",₹75 Lac,"Dombivli, Kalyan",750 sqft,Ready to Move,2 out of 6,Furnished,2,3,,East,"data:image/svg+xml;base64,PD94bWwgdmVyc2lvbj0iMS4wIiBlbmNvZGluZz0iVVRGLTgiPz48c3ZnIHdpZHRoPSI5OTk5OXB4IiBoZWlnaHQ9Ijk5OTk5cHgiIHZpZXdCb3g9IjAgMCA5OTk5OSA5OTk5OSIgdmVyc2lvbj0iMS4xIiB4bWxucz0iaHR0cDovL3d3dy53My5vcmcvMjAwMC9zdmciIHhtbG5zOnhsaW5rPSJodHRwOi8vd3d3LnczLm9yZy8xOTk5L3hsaW5rIj48ZyBzdHJva2U9Im5vbmUiIGZpbGw9Im5vbmUiIGZpbGwtb3BhY2l0eT0iMCI+PHJlY3QgeD0iMCIgeT0iMCIgd2lkdGg9Ijk5OTk5IiBoZWlnaHQ9Ijk5OTk5Ij48L3JlY3Q+IDwvZz4gPC9zdmc+",Updated 4 days ago
"2 BHK Flat  for Sale in Vithalwadi, Kalyan",₹70 Lac,"Vithalwadi, Kalyan",677 sqft,Ready to Move,4 out of 14,Semi-Furnished,2,3,,East,"data:image/svg+xml;base64,PD94bWwgdmVyc2lvbj0iMS4wIiBlbmNvZGluZz0iVVRGLTgiPz48c3ZnIHdpZHRoPSI5OTk5OXB4IiBoZWlnaHQ9Ijk5OTk5cHgiIHZpZXdCb3g9IjAgMCA5OTk5OSA5OTk5OSIgdmVyc2lvbj0iMS4xIiB4bWxucz0iaHR0cDovL3d3dy53My5vcmcvMjAwMC9zdmciIHhtbG5zOnhsaW5rPSJodHRwOi8vd3d3LnczLm9yZy8xOTk5L3hsaW5rIj48ZyBzdHJva2U9Im5vbmUiIGZpbGw9Im5vbmUiIGZpbGwtb3BhY2l0eT0iMCI+PHJlY3QgeD0iMCIgeT0iMCIgd2lkdGg9Ijk5OTk5IiBoZWlnaHQ9Ijk5OTk5Ij48L3JlY3Q+IDwvZz4gPC9zdmc+",Updated today
"3 BHK Flat  for Sale in Adharwadi, Kalyan",₹1.60 Cr,"Adharwadi, Kalyan",1096 sqft,Ready to Move,20 out of 22,Unfurnished,3,1,,East,"data:image/svg+xml;base64,PD94bWwgdmVyc2lvbj0iMS4wIiBlbmNvZGluZz0iVVRGLTgiPz48c3ZnIHdpZHRoPSI5OTk5OXB4IiBoZWlnaHQ9Ijk5OTk5cHgiIHZpZXdCb3g9IjAgMCA5OTk5OSA5OTk5OSIgdmVyc2lvbj0iMS4xIiB4bWxucz0iaHR0cDovL3d3dy53My5vcmcvMjAwMC9zdmciIHhtbG5zOnhsaW5rPSJodHRwOi8vd3d3LnczLm9yZy8xOTk5L3hsaW5rIj48ZyBzdHJva2U9Im5vbmUiIGZpbGw9Im5vbmUiIGZpbGwtb3BhY2l0eT0iMCI+PHJlY3QgeD0iMCIgeT0iMCIgd2lkdGg9Ijk5OTk5IiBoZWlnaHQ9Ijk5OTk5Ij48L3JlY3Q+IDwvZz4gPC9zdmc+",Updated 5 days ago
"3 BHK Flat  for Sale in Dombivli, Kalyan",₹99 Lac,"Dombivli, Kalyan",815 sqft,Ready to Move,3 out of 7,Unfurnished,3,,,East,"data:image/svg+xml;base64,PD94bWwgdmVyc2lvbj0iMS4wIiBlbmNvZGluZz0iVVRGLTgiPz48c3ZnIHdpZHRoPSI5OTk5OXB4IiBoZWlnaHQ9Ijk5OTk5cHgiIHZpZXdCb3g9IjAgMCA5OTk5OSA5OTk5OSIgdmVyc2lvbj0iMS4xIiB4bWxucz0iaHR0cDovL3d3dy53My5vcmcvMjAwMC9zdmciIHhtbG5zOnhsaW5rPSJodHRwOi8vd3d3LnczLm9yZy8xOTk5L3hsaW5rIj48ZyBzdHJva2U9Im5vbmUiIGZpbGw9Im5vbmUiIGZpbGwtb3BhY2l0eT0iMCI+PHJlY3QgeD0iMCIgeT0iMCIgd2lkdGg9Ijk5OTk5IiBoZWlnaHQ9Ijk5OTk5Ij48L3JlY3Q+IDwvZz4gPC9zdmc+",Updated today
"3 BHK Flat  for Sale in mohan heights, Khadakpada, Kalyan",₹1.50 Cr,"mohan heights, Khadakpada, Kalyan",1450 sqft,Ready to Move,2 out of 12,Unfurnished,3,4,,,"data:image/svg+xml;base64,PD94bWwgdmVyc2lvbj0iMS4wIiBlbmNvZGluZz0iVVRGLTgiPz48c3ZnIHdpZHRoPSI5OTk5OXB4IiBoZWlnaHQ9Ijk5OTk5cHgiIHZpZXdCb3g9IjAgMCA5OTk5OSA5OTk5OSIgdmVyc2lvbj0iMS4xIiB4bWxucz0iaHR0cDovL3d3dy53My5vcmcvMjAwMC9zdmciIHhtbG5zOnhsaW5rPSJodHRwOi8vd3d3LnczLm9yZy8xOTk5L3hsaW5rIj48ZyBzdHJva2U9Im5vbmUiIGZpbGw9Im5vbmUiIGZpbGwtb3BhY2l0eT0iMCI+PHJlY3QgeD0iMCIgeT0iMCIgd2lkdGg9Ijk5OTk5IiBoZWlnaHQ9Ijk5OTk5Ij48L3JlY3Q+IDwvZz4gPC9zdmc+",Updated yesterday
"2 BHK Flat  for Sale in Gauripada, Kalyan",₹85 Lac,"Gauripada, Kalyan",,Ready to Move,9 out of 19,Unfurnished,2,1,,East,"data:image/svg+xml;base64,PD94bWwgdmVyc2lvbj0iMS4wIiBlbmNvZGluZz0iVVRGLTgiPz48c3ZnIHdpZHRoPSI5OTk5OXB4IiBoZWlnaHQ9Ijk5OTk5cHgiIHZpZXdCb3g9IjAgMCA5OTk5OSA5OTk5OSIgdmVyc2lvbj0iMS4xIiB4bWxucz0iaHR0cDovL3d3dy53My5vcmcvMjAwMC9zdmciIHhtbG5zOnhsaW5rPSJodHRwOi8vd3d3LnczLm9yZy8xOTk5L3hsaW5rIj48ZyBzdHJva2U9Im5vbmUiIGZpbGw9Im5vbmUiIGZpbGwtb3BhY2l0eT0iMCI+PHJlY3QgeD0iMCIgeT0iMCIgd2lkdGg9Ijk5OTk5IiBoZWlnaHQ9Ijk5OTk5Ij48L3JlY3Q+IDwvZz4gPC9zdmc+",Updated 4 days ago
"2 BHK Flat  for Sale in Kalyan West, Kalyan",₹72 Lac,"Kalyan West, Kalyan",657 sqft,Ready to Move,7 out of 7,Unfurnished,2,2,,West,"data:image/svg+xml;base64,PD94bWwgdmVyc2lvbj0iMS4wIiBlbmNvZGluZz0iVVRGLTgiPz48c3ZnIHdpZHRoPSI5OTk5OXB4IiBoZWlnaHQ9Ijk5OTk5cHgiIHZpZXdCb3g9IjAgMCA5OTk5OSA5OTk5OSIgdmVyc2lvbj0iMS4xIiB4bWxucz0iaHR0cDovL3d3dy53My5vcmcvMjAwMC9zdmciIHhtbG5zOnhsaW5rPSJodHRwOi8vd3d3LnczLm9yZy8xOTk5L3hsaW5rIj48ZyBzdHJva2U9Im5vbmUiIGZpbGw9Im5vbmUiIGZpbGwtb3BhY2l0eT0iMCI+PHJlY3QgeD0iMCIgeT0iMCIgd2lkdGg9Ijk5OTk5IiBoZWlnaHQ9Ijk5OTk5Ij48L3JlY3Q+IDwvZz4gPC9zdmc+",Updated 4 days ago
"2 BHK Flat  for Sale in Dombivli, Kalyan",₹99.5 Lac,"Dombivli, Kalyan",770 sqft,Ready to Move,1 out of 7,Furnished,2,4,,East,,Updated yesterday
"3 BHK Flat  for Sale in Khadakpada, Kalyan",₹1 Cr,"Khadakpada, Kalyan",1062 sqft,Ready to Move,4 out of 15,Unfurnished,2,2,,,"data:image/svg+xml;base64,PD94bWwgdmVyc2lvbj0iMS4wIiBlbmNvZGluZz0iVVRGLTgiPz48c3ZnIHdpZHRoPSI5OTk5OXB4IiBoZWlnaHQ9Ijk5OTk5cHgiIHZpZXdCb3g9IjAgMCA5OTk5OSA5OTk5OSIgdmVyc2lvbj0iMS4xIiB4bWxucz0iaHR0cDovL3d3dy53My5vcmcvMjAwMC9zdmciIHhtbG5zOnhsaW5rPSJodHRwOi8vd3d3LnczLm9yZy8xOTk5L3hsaW5rIj48ZyBzdHJva2U9Im5vbmUiIGZpbGw9Im5vbmUiIGZpbGwtb3BhY2l0eT0iMCI+PHJlY3QgeD0iMCIgeT0iMCIgd2lkdGg9Ijk5OTk5IiBoZWlnaHQ9Ijk5OTk5Ij48L3JlY3Q+IDwvZz4gPC9zdmc+","Posted:   Sep 15, '24"
"2 BHK Flat  for Sale in Vithalwadi, Kalyan",₹47.9 Lac,"Vithalwadi, Kalyan",600 sqft,Ready to Move,5 out of 16,Unfurnished,2,2,50 Covered,North,"data:image/svg+xml;base64,PD94bWwgdmVyc2lvbj0iMS4wIiBlbmNvZGluZz0iVVRGLTgiPz48c3ZnIHdpZHRoPSI5OTk5OXB4IiBoZWlnaHQ9Ijk5OTk5cHgiIHZpZXdCb3g9IjAgMCA5OTk5OSA5OTk5OSIgdmVyc2lvbj0iMS4xIiB4bWxucz0iaHR0cDovL3d3dy53My5vcmcvMjAwMC9zdmciIHhtbG5zOnhsaW5rPSJodHRwOi8vd3d3LnczLm9yZy8xOTk5L3hsaW5rIj48ZyBzdHJva2U9Im5vbmUiIGZpbGw9Im5vbmUiIGZpbGwtb3BhY2l0eT0iMCI+PHJlY3QgeD0iMCIgeT0iMCIgd2lkdGg9Ijk5OTk5IiBoZWlnaHQ9Ijk5OTk5Ij48L3JlY3Q+IDwvZz4gPC9zdmc+","Posted:   Aug 24, '24"
"2 BHK Flat  for Sale in Khadakpada, Kalyan",₹54 Lac,"Khadakpada, Kalyan",860 sqft,Ready to Move,Ground out of 7,Semi-Furnished,2,,,,"data:image/svg+xml;base64,PD94bWwgdmVyc2lvbj0iMS4wIiBlbmNvZGluZz0iVVRGLTgiPz48c3ZnIHdpZHRoPSI5OTk5OXB4IiBoZWlnaHQ9Ijk5OTk5cHgiIHZpZXdCb3g9IjAgMCA5OTk5OSA5OTk5OSIgdmVyc2lvbj0iMS4xIiB4bWxucz0iaHR0cDovL3d3dy53My5vcmcvMjAwMC9zdmciIHhtbG5zOnhsaW5rPSJodHRwOi8vd3d3LnczLm9yZy8xOTk5L3hsaW5rIj48ZyBzdHJva2U9Im5vbmUiIGZpbGw9Im5vbmUiIGZpbGwtb3BhY2l0eT0iMCI+PHJlY3QgeD0iMCIgeT0iMCIgd2lkdGg9Ijk5OTk5IiBoZWlnaHQ9Ijk5OTk5Ij48L3JlY3Q+IDwvZz4gPC9zdmc+",Updated 1 week ago
"2 BHK Flat  for Sale in Bhoiwada, Kalyan",₹71 Lac,"Bhoiwada, Kalyan",800 sqft,Ready to Move,4 out of 4,Furnished,2,1,,East,"data:image/svg+xml;base64,PD94bWwgdmVyc2lvbj0iMS4wIiBlbmNvZGluZz0iVVRGLTgiPz48c3ZnIHdpZHRoPSI5OTk5OXB4IiBoZWlnaHQ9Ijk5OTk5cHgiIHZpZXdCb3g9IjAgMCA5OTk5OSA5OTk5OSIgdmVyc2lvbj0iMS4xIiB4bWxucz0iaHR0cDovL3d3dy53My5vcmcvMjAwMC9zdmciIHhtbG5zOnhsaW5rPSJodHRwOi8vd3d3LnczLm9yZy8xOTk5L3hsaW5rIj48ZyBzdHJva2U9Im5vbmUiIGZpbGw9Im5vbmUiIGZpbGwtb3BhY2l0eT0iMCI+PHJlY3QgeD0iMCIgeT0iMCIgd2lkdGg9Ijk5OTk5IiBoZWlnaHQ9Ijk5OTk5Ij48L3JlY3Q+IDwvZz4gPC9zdmc+",Updated 1 week ago
2 BHK Flat  for Sale in  Kalyan,₹80 Lac,Kalyan,749 sqft,Poss. by Mar '27,14 out of 29,Unfurnished,2,3,1 Open,East,"data:image/svg+xml;base64,PD94bWwgdmVyc2lvbj0iMS4wIiBlbmNvZGluZz0iVVRGLTgiPz48c3ZnIHdpZHRoPSI5OTk5OXB4IiBoZWlnaHQ9Ijk5OTk5cHgiIHZpZXdCb3g9IjAgMCA5OTk5OSA5OTk5OSIgdmVyc2lvbj0iMS4xIiB4bWxucz0iaHR0cDovL3d3dy53My5vcmcvMjAwMC9zdmciIHhtbG5zOnhsaW5rPSJodHRwOi8vd3d3LnczLm9yZy8xOTk5L3hsaW5rIj48ZyBzdHJva2U9Im5vbmUiIGZpbGw9Im5vbmUiIGZpbGwtb3BhY2l0eT0iMCI+PHJlY3QgeD0iMCIgeT0iMCIgd2lkdGg9Ijk5OTk5IiBoZWlnaHQ9Ijk5OTk5Ij48L3JlY3Q+IDwvZz4gPC9zdmc+","Posted:   Jul 30, '24"
"2 BHK Flat  for Sale in Godrej Hill, Kalyan",₹72 Lac,"Godrej Hill, Kalyan",,Ready to Move,12 out of 13,Semi-Furnished,2,,,East,"data:image/svg+xml;base64,PD94bWwgdmVyc2lvbj0iMS4wIiBlbmNvZGluZz0iVVRGLTgiPz48c3ZnIHdpZHRoPSI5OTk5OXB4IiBoZWlnaHQ9Ijk5OTk5cHgiIHZpZXdCb3g9IjAgMCA5OTk5OSA5OTk5OSIgdmVyc2lvbj0iMS4xIiB4bWxucz0iaHR0cDovL3d3dy53My5vcmcvMjAwMC9zdmciIHhtbG5zOnhsaW5rPSJodHRwOi8vd3d3LnczLm9yZy8xOTk5L3hsaW5rIj48ZyBzdHJva2U9Im5vbmUiIGZpbGw9Im5vbmUiIGZpbGwtb3BhY2l0eT0iMCI+PHJlY3QgeD0iMCIgeT0iMCIgd2lkdGg9Ijk5OTk5IiBoZWlnaHQ9Ijk5OTk5Ij48L3JlY3Q+IDwvZz4gPC9zdmc+",Updated 1 week ago
"2 BHK Flat  for Sale in Asangaon, Kalyan",₹28 Lac,"Asangaon, Kalyan",,Ready to Move,4 out of 4,Semi-Furnished,2,,,,"data:image/svg+xml;base64,PD94bWwgdmVyc2lvbj0iMS4wIiBlbmNvZGluZz0iVVRGLTgiPz48c3ZnIHdpZHRoPSI5OTk5OXB4IiBoZWlnaHQ9Ijk5OTk5cHgiIHZpZXdCb3g9IjAgMCA5OTk5OSA5OTk5OSIgdmVyc2lvbj0iMS4xIiB4bWxucz0iaHR0cDovL3d3dy53My5vcmcvMjAwMC9zdmciIHhtbG5zOnhsaW5rPSJodHRwOi8vd3d3LnczLm9yZy8xOTk5L3hsaW5rIj48ZyBzdHJva2U9Im5vbmUiIGZpbGw9Im5vbmUiIGZpbGwtb3BhY2l0eT0iMCI+PHJlY3QgeD0iMCIgeT0iMCIgd2lkdGg9Ijk5OTk5IiBoZWlnaHQ9Ijk5OTk5Ij48L3JlY3Q+IDwvZz4gPC9zdmc+",Updated 1 week ago
"2 BHK Flat  for Sale in Dombivli, Kalyan",₹50.2 Lac,"Dombivli, Kalyan",570 sqft,Ready to Move,1 out of 8,Semi-Furnished,2,2,,East,"data:image/svg+xml;base64,PD94bWwgdmVyc2lvbj0iMS4wIiBlbmNvZGluZz0iVVRGLTgiPz48c3ZnIHdpZHRoPSI5OTk5OXB4IiBoZWlnaHQ9Ijk5OTk5cHgiIHZpZXdCb3g9IjAgMCA5OTk5OSA5OTk5OSIgdmVyc2lvbj0iMS4xIiB4bWxucz0iaHR0cDovL3d3dy53My5vcmcvMjAwMC9zdmciIHhtbG5zOnhsaW5rPSJodHRwOi8vd3d3LnczLm9yZy8xOTk5L3hsaW5rIj48ZyBzdHJva2U9Im5vbmUiIGZpbGw9Im5vbmUiIGZpbGwtb3BhY2l0eT0iMCI+PHJlY3QgeD0iMCIgeT0iMCIgd2lkdGg9Ijk5OTk5IiBoZWlnaHQ9Ijk5OTk5Ij48L3JlY3Q+IDwvZz4gPC9zdmc+",Updated 2 weeks ago
"2 BHK Flat  for Sale in Adharwadi, Kalyan",₹56.8 Lac,"Adharwadi, Kalyan",577 sqft,Ready to Move,13 out of 16,Unfurnished,2,2,,,"data:image/svg+xml;base64,PD94bWwgdmVyc2lvbj0iMS4wIiBlbmNvZGluZz0iVVRGLTgiPz48c3ZnIHdpZHRoPSI5OTk5OXB4IiBoZWlnaHQ9Ijk5OTk5cHgiIHZpZXdCb3g9IjAgMCA5OTk5OSA5OTk5OSIgdmVyc2lvbj0iMS4xIiB4bWxucz0iaHR0cDovL3d3dy53My5vcmcvMjAwMC9zdmciIHhtbG5zOnhsaW5rPSJodHRwOi8vd3d3LnczLm9yZy8xOTk5L3hsaW5rIj48ZyBzdHJva2U9Im5vbmUiIGZpbGw9Im5vbmUiIGZpbGwtb3BhY2l0eT0iMCI+PHJlY3QgeD0iMCIgeT0iMCIgd2lkdGg9Ijk5OTk5IiBoZWlnaHQ9Ijk5OTk5Ij48L3JlY3Q+IDwvZz4gPC9zdmc+",Updated 2 weeks ago
"2 BHK Flat  for Sale in Kalyan Murbad Road, Kalyan",₹60 Lac,"Kalyan Murbad Road, Kalyan",700 sqft,Ready to Move,1 out of 7,Unfurnished,2,,1 Open,East,,Posted:   Yesterday
2 BHK Flat  for Sale in  Kalyan,₹68.5 Lac,Kalyan,640 sqft,Ready to Move,2 out of 7,Furnished,2,3,,North,"data:image/svg+xml;base64,PD94bWwgdmVyc2lvbj0iMS4wIiBlbmNvZGluZz0iVVRGLTgiPz48c3ZnIHdpZHRoPSI5OTk5OXB4IiBoZWlnaHQ9Ijk5OTk5cHgiIHZpZXdCb3g9IjAgMCA5OTk5OSA5OTk5OSIgdmVyc2lvbj0iMS4xIiB4bWxucz0iaHR0cDovL3d3dy53My5vcmcvMjAwMC9zdmciIHhtbG5zOnhsaW5rPSJodHRwOi8vd3d3LnczLm9yZy8xOTk5L3hsaW5rIj48ZyBzdHJva2U9Im5vbmUiIGZpbGw9Im5vbmUiIGZpbGwtb3BhY2l0eT0iMCI+PHJlY3QgeD0iMCIgeT0iMCIgd2lkdGg9Ijk5OTk5IiBoZWlnaHQ9Ijk5OTk5Ij48L3JlY3Q+IDwvZz4gPC9zdmc+",Updated 6 days ago
2 BHK Flat  for Sale in  Kalyan,₹1.05 Cr,Kalyan,982 sqft,Ready to Move,6 out of 7,Unfurnished,2,3,,,"data:image/svg+xml;base64,PD94bWwgdmVyc2lvbj0iMS4wIiBlbmNvZGluZz0iVVRGLTgiPz48c3ZnIHdpZHRoPSI5OTk5OXB4IiBoZWlnaHQ9Ijk5OTk5cHgiIHZpZXdCb3g9IjAgMCA5OTk5OSA5OTk5OSIgdmVyc2lvbj0iMS4xIiB4bWxucz0iaHR0cDovL3d3dy53My5vcmcvMjAwMC9zdmciIHhtbG5zOnhsaW5rPSJodHRwOi8vd3d3LnczLm9yZy8xOTk5L3hsaW5rIj48ZyBzdHJva2U9Im5vbmUiIGZpbGw9Im5vbmUiIGZpbGwtb3BhY2l0eT0iMCI+PHJlY3QgeD0iMCIgeT0iMCIgd2lkdGg9Ijk5OTk5IiBoZWlnaHQ9Ijk5OTk5Ij48L3JlY3Q+IDwvZz4gPC9zdmc+",Updated 6 days ago
2 BHK Flat  for Sale in  Kalyan,₹87 Lac,Kalyan,730 sqft,Ready to Move,23 out of 23,Semi-Furnished,2,4,,,"data:image/svg+xml;base64,PD94bWwgdmVyc2lvbj0iMS4wIiBlbmNvZGluZz0iVVRGLTgiPz48c3ZnIHdpZHRoPSI5OTk5OXB4IiBoZWlnaHQ9Ijk5OTk5cHgiIHZpZXdCb3g9IjAgMCA5OTk5OSA5OTk5OSIgdmVyc2lvbj0iMS4xIiB4bWxucz0iaHR0cDovL3d3dy53My5vcmcvMjAwMC9zdmciIHhtbG5zOnhsaW5rPSJodHRwOi8vd3d3LnczLm9yZy8xOTk5L3hsaW5rIj48ZyBzdHJva2U9Im5vbmUiIGZpbGw9Im5vbmUiIGZpbGwtb3BhY2l0eT0iMCI+PHJlY3QgeD0iMCIgeT0iMCIgd2lkdGg9Ijk5OTk5IiBoZWlnaHQ9Ijk5OTk5Ij48L3JlY3Q+IDwvZz4gPC9zdmc+",Updated 3 days ago
2 BHK Flat  for Sale in  Kalyan,₹1 Cr,Kalyan,755 sqft,Ready to Move,3 out of 9,Furnished,2,4,,,"data:image/svg+xml;base64,PD94bWwgdmVyc2lvbj0iMS4wIiBlbmNvZGluZz0iVVRGLTgiPz48c3ZnIHdpZHRoPSI5OTk5OXB4IiBoZWlnaHQ9Ijk5OTk5cHgiIHZpZXdCb3g9IjAgMCA5OTk5OSA5OTk5OSIgdmVyc2lvbj0iMS4xIiB4bWxucz0iaHR0cDovL3d3dy53My5vcmcvMjAwMC9zdmciIHhtbG5zOnhsaW5rPSJodHRwOi8vd3d3LnczLm9yZy8xOTk5L3hsaW5rIj48ZyBzdHJva2U9Im5vbmUiIGZpbGw9Im5vbmUiIGZpbGwtb3BhY2l0eT0iMCI+PHJlY3QgeD0iMCIgeT0iMCIgd2lkdGg9Ijk5OTk5IiBoZWlnaHQ9Ijk5OTk5Ij48L3JlY3Q+IDwvZz4gPC9zdmc+",Updated 3 days ago
2 BHK Flat  for Sale in  Kalyan,₹1 Cr,Kalyan,,Ready to Move,11 out of 39,Semi-Furnished,2,,,,"data:image/svg+xml;base64,PD94bWwgdmVyc2lvbj0iMS4wIiBlbmNvZGluZz0iVVRGLTgiPz48c3ZnIHdpZHRoPSI5OTk5OXB4IiBoZWlnaHQ9Ijk5OTk5cHgiIHZpZXdCb3g9IjAgMCA5OTk5OSA5OTk5OSIgdmVyc2lvbj0iMS4xIiB4bWxucz0iaHR0cDovL3d3dy53My5vcmcvMjAwMC9zdmciIHhtbG5zOnhsaW5rPSJodHRwOi8vd3d3LnczLm9yZy8xOTk5L3hsaW5rIj48ZyBzdHJva2U9Im5vbmUiIGZpbGw9Im5vbmUiIGZpbGwtb3BhY2l0eT0iMCI+PHJlY3QgeD0iMCIgeT0iMCIgd2lkdGg9Ijk5OTk5IiBoZWlnaHQ9Ijk5OTk5Ij48L3JlY3Q+IDwvZz4gPC9zdmc+",Updated today
"2 BHK Flat  for Sale in Godrej Hill, Kalyan",₹73 Lac,"Godrej Hill, Kalyan",,Ready to Move,2 out of 13,Semi-Furnished,2,1,1 Covered,North - East,https://img.staticmb.com/mbphoto/property/cropped_images/2024/Jun/03/Photo_h300_w450/73133843_2_IMG7352_300_450.jpeg,Updated 4 days ago
3 BHK Apartment for Sale in Godrej Hill Kalyan,₹1.10 Cr,Godrej Hill Kalyan,1411 sqft,Ready to Move,1 out of 12,Furnished,3,4,,North - West,https://img.staticmb.com/mbphoto/property/cropped_images/2024/Aug/04/Photo_h300_w450/74171489_4_1722724613481-164_300_450.jpg,Updated yesterday
2 BHK Apartment for Sale in rose garden Kalyan,₹25 Lac,rose garden Kalyan,600 sqft,Ready to Move,4 out of 4,Semi-Furnished,2,4,,South -West,https://img.staticmb.com/mbphoto/property/cropped_images/2024/Jul/31/Photo_h300_w450/73856475_15_PropertyImage505-4921319688488_300_450.jpg,Updated 4 days ago
2 BHK Apartment for Sale in Neelkanth dhara Kalyan,₹65 Lac,Neelkanth dhara Kalyan,,Ready to Move,Ground out of 6,Semi-Furnished,2,,5 Open,North - East,"data:image/svg+xml;base64,PD94bWwgdmVyc2lvbj0iMS4wIiBlbmNvZGluZz0iVVRGLTgiPz48c3ZnIHdpZHRoPSI5OTk5OXB4IiBoZWlnaHQ9Ijk5OTk5cHgiIHZpZXdCb3g9IjAgMCA5OTk5OSA5OTk5OSIgdmVyc2lvbj0iMS4xIiB4bWxucz0iaHR0cDovL3d3dy53My5vcmcvMjAwMC9zdmciIHhtbG5zOnhsaW5rPSJodHRwOi8vd3d3LnczLm9yZy8xOTk5L3hsaW5rIj48ZyBzdHJva2U9Im5vbmUiIGZpbGw9Im5vbmUiIGZpbGwtb3BhY2l0eT0iMCI+PHJlY3QgeD0iMCIgeT0iMCIgd2lkdGg9Ijk5OTk5IiBoZWlnaHQ9Ijk5OTk5Ij48L3JlY3Q+IDwvZz4gPC9zdmc+",Updated 3 months ago
2 BHK Apartment for Sale in Chinchpada Gaon Kalyan,₹29 Lac,chpada Gaon Kalyan,690 sqft,Ready to Move,3 out of 3,Semi-Furnished,2,,,East,"data:image/svg+xml;base64,PD94bWwgdmVyc2lvbj0iMS4wIiBlbmNvZGluZz0iVVRGLTgiPz48c3ZnIHdpZHRoPSI5OTk5OXB4IiBoZWlnaHQ9Ijk5OTk5cHgiIHZpZXdCb3g9IjAgMCA5OTk5OSA5OTk5OSIgdmVyc2lvbj0iMS4xIiB4bWxucz0iaHR0cDovL3d3dy53My5vcmcvMjAwMC9zdmciIHhtbG5zOnhsaW5rPSJodHRwOi8vd3d3LnczLm9yZy8xOTk5L3hsaW5rIj48ZyBzdHJva2U9Im5vbmUiIGZpbGw9Im5vbmUiIGZpbGwtb3BhY2l0eT0iMCI+PHJlY3QgeD0iMCIgeT0iMCIgd2lkdGg9Ijk5OTk5IiBoZWlnaHQ9Ijk5OTk5Ij48L3JlY3Q+IDwvZz4gPC9zdmc+",Updated yesterday
2 BHK Apartment for Sale in Vithalwadi Kalyan,₹52 Lac,Vithalwadi Kalyan,638 sqft,Ready to Move,5 out of 14,Unfurnished,2,3,,,"data:image/svg+xml;base64,PD94bWwgdmVyc2lvbj0iMS4wIiBlbmNvZGluZz0iVVRGLTgiPz48c3ZnIHdpZHRoPSI5OTk5OXB4IiBoZWlnaHQ9Ijk5OTk5cHgiIHZpZXdCb3g9IjAgMCA5OTk5OSA5OTk5OSIgdmVyc2lvbj0iMS4xIiB4bWxucz0iaHR0cDovL3d3dy53My5vcmcvMjAwMC9zdmciIHhtbG5zOnhsaW5rPSJodHRwOi8vd3d3LnczLm9yZy8xOTk5L3hsaW5rIj48ZyBzdHJva2U9Im5vbmUiIGZpbGw9Im5vbmUiIGZpbGwtb3BhY2l0eT0iMCI+PHJlY3QgeD0iMCIgeT0iMCIgd2lkdGg9Ijk5OTk5IiBoZWlnaHQ9Ijk5OTk5Ij48L3JlY3Q+IDwvZz4gPC9zdmc+",Updated 6 days ago
2 BHK Apartment for Sale in Vijay Nagar Kalyan,₹59 Lac,Vijay Nagar Kalyan,735 sqft,Ready to Move,1 out of 7,Semi-Furnished,2,2,,North - East,"data:image/svg+xml;base64,PD94bWwgdmVyc2lvbj0iMS4wIiBlbmNvZGluZz0iVVRGLTgiPz48c3ZnIHdpZHRoPSI5OTk5OXB4IiBoZWlnaHQ9Ijk5OTk5cHgiIHZpZXdCb3g9IjAgMCA5OTk5OSA5OTk5OSIgdmVyc2lvbj0iMS4xIiB4bWxucz0iaHR0cDovL3d3dy53My5vcmcvMjAwMC9zdmciIHhtbG5zOnhsaW5rPSJodHRwOi8vd3d3LnczLm9yZy8xOTk5L3hsaW5rIj48ZyBzdHJva2U9Im5vbmUiIGZpbGw9Im5vbmUiIGZpbGwtb3BhY2l0eT0iMCI+PHJlY3QgeD0iMCIgeT0iMCIgd2lkdGg9Ijk5OTk5IiBoZWlnaHQ9Ijk5OTk5Ij48L3JlY3Q+IDwvZz4gPC9zdmc+",Updated 1 week ago
2 BHK Apartment for Sale in Gauripada Kalyan,₹75 Lac,Gauripada Kalyan,,Ready to Move,7 out of 7,Unfurnished,2,,,,"data:image/svg+xml;base64,PD94bWwgdmVyc2lvbj0iMS4wIiBlbmNvZGluZz0iVVRGLTgiPz48c3ZnIHdpZHRoPSI5OTk5OXB4IiBoZWlnaHQ9Ijk5OTk5cHgiIHZpZXdCb3g9IjAgMCA5OTk5OSA5OTk5OSIgdmVyc2lvbj0iMS4xIiB4bWxucz0iaHR0cDovL3d3dy53My5vcmcvMjAwMC9zdmciIHhtbG5zOnhsaW5rPSJodHRwOi8vd3d3LnczLm9yZy8xOTk5L3hsaW5rIj48ZyBzdHJva2U9Im5vbmUiIGZpbGw9Im5vbmUiIGZpbGwtb3BhY2l0eT0iMCI+PHJlY3QgeD0iMCIgeT0iMCIgd2lkdGg9Ijk5OTk5IiBoZWlnaHQ9Ijk5OTk5Ij48L3JlY3Q+IDwvZz4gPC9zdmc+",Updated 1 week ago
"3 BHK Apartment for Sale in Madar Challa,ansari chowk Kalyan",₹1 Cr,"Madar Challa,ansari chowk Kalyan",,Ready to Move,,,,,,,"data:image/svg+xml;base64,PD94bWwgdmVyc2lvbj0iMS4wIiBlbmNvZGluZz0iVVRGLTgiPz48c3ZnIHdpZHRoPSI5OTk5OXB4IiBoZWlnaHQ9Ijk5OTk5cHgiIHZpZXdCb3g9IjAgMCA5OTk5OSA5OTk5OSIgdmVyc2lvbj0iMS4xIiB4bWxucz0iaHR0cDovL3d3dy53My5vcmcvMjAwMC9zdmciIHhtbG5zOnhsaW5rPSJodHRwOi8vd3d3LnczLm9yZy8xOTk5L3hsaW5rIj48ZyBzdHJva2U9Im5vbmUiIGZpbGw9Im5vbmUiIGZpbGwtb3BhY2l0eT0iMCI+PHJlY3QgeD0iMCIgeT0iMCIgd2lkdGg9Ijk5OTk5IiBoZWlnaHQ9Ijk5OTk5Ij48L3JlY3Q+IDwvZz4gPC9zdmc+",Updated 1 week ago
3 BHK Builder Floor for Sale in Ulhasnagar chopda court road Kalyan,₹69 Lac,Ulhasnagar chopda court road Kalyan,,Ready to Move,4 out of 5,Unfurnished,3,1,"3 Covered,",West,"data:image/svg+xml;base64,PD94bWwgdmVyc2lvbj0iMS4wIiBlbmNvZGluZz0iVVRGLTgiPz48c3ZnIHdpZHRoPSI5OTk5OXB4IiBoZWlnaHQ9Ijk5OTk5cHgiIHZpZXdCb3g9IjAgMCA5OTk5OSA5OTk5OSIgdmVyc2lvbj0iMS4xIiB4bWxucz0iaHR0cDovL3d3dy53My5vcmcvMjAwMC9zdmciIHhtbG5zOnhsaW5rPSJodHRwOi8vd3d3LnczLm9yZy8xOTk5L3hsaW5rIj48ZyBzdHJva2U9Im5vbmUiIGZpbGw9Im5vbmUiIGZpbGwtb3BhY2l0eT0iMCI+PHJlY3QgeD0iMCIgeT0iMCIgd2lkdGg9Ijk5OTk5IiBoZWlnaHQ9Ijk5OTk5Ij48L3JlY3Q+IDwvZz4gPC9zdmc+",Updated 1 week ago
2 BHK Apartment for Sale in Vaishnavi hights Kalyan,₹74.5 Lac,Vaishnavi hights Kalyan,645 sqft,Ready to Move,9 out of 16,Unfurnished,2,3,,East,"data:image/svg+xml;base64,PD94bWwgdmVyc2lvbj0iMS4wIiBlbmNvZGluZz0iVVRGLTgiPz48c3ZnIHdpZHRoPSI5OTk5OXB4IiBoZWlnaHQ9Ijk5OTk5cHgiIHZpZXdCb3g9IjAgMCA5OTk5OSA5OTk5OSIgdmVyc2lvbj0iMS4xIiB4bWxucz0iaHR0cDovL3d3dy53My5vcmcvMjAwMC9zdmciIHhtbG5zOnhsaW5rPSJodHRwOi8vd3d3LnczLm9yZy8xOTk5L3hsaW5rIj48ZyBzdHJva2U9Im5vbmUiIGZpbGw9Im5vbmUiIGZpbGwtb3BhY2l0eT0iMCI+PHJlY3QgeD0iMCIgeT0iMCIgd2lkdGg9Ijk5OTk5IiBoZWlnaHQ9Ijk5OTk5Ij48L3JlY3Q+IDwvZz4gPC9zdmc+",Updated 1 week ago
2 BHK Apartment for Sale in Kalyan Murbad Road Kalyan,₹1.02 Cr,Kalyan Murbad Road Kalyan,726 sqft,Ready to Move,17 out of 32,Semi-Furnished,2,1,1 Covered,West,"data:image/svg+xml;base64,PD94bWwgdmVyc2lvbj0iMS4wIiBlbmNvZGluZz0iVVRGLTgiPz48c3ZnIHdpZHRoPSI5OTk5OXB4IiBoZWlnaHQ9Ijk5OTk5cHgiIHZpZXdCb3g9IjAgMCA5OTk5OSA5OTk5OSIgdmVyc2lvbj0iMS4xIiB4bWxucz0iaHR0cDovL3d3dy53My5vcmcvMjAwMC9zdmciIHhtbG5zOnhsaW5rPSJodHRwOi8vd3d3LnczLm9yZy8xOTk5L3hsaW5rIj48ZyBzdHJva2U9Im5vbmUiIGZpbGw9Im5vbmUiIGZpbGwtb3BhY2l0eT0iMCI+PHJlY3QgeD0iMCIgeT0iMCIgd2lkdGg9Ijk5OTk5IiBoZWlnaHQ9Ijk5OTk5Ij48L3JlY3Q+IDwvZz4gPC9zdmc+",Updated 1 week ago
2 BHK Builder Floor for Sale in YESHASHREE HIGHTS Kalyan,₹47 Lac,YESHASHREE HIGHTS Kalyan,640 sqft,Poss. by Mar '26,4 out of 6,Unfurnished,2,3,,East,"data:image/svg+xml;base64,PD94bWwgdmVyc2lvbj0iMS4wIiBlbmNvZGluZz0iVVRGLTgiPz48c3ZnIHdpZHRoPSI5OTk5OXB4IiBoZWlnaHQ9Ijk5OTk5cHgiIHZpZXdCb3g9IjAgMCA5OTk5OSA5OTk5OSIgdmVyc2lvbj0iMS4xIiB4bWxucz0iaHR0cDovL3d3dy53My5vcmcvMjAwMC9zdmciIHhtbG5zOnhsaW5rPSJodHRwOi8vd3d3LnczLm9yZy8xOTk5L3hsaW5rIj48ZyBzdHJva2U9Im5vbmUiIGZpbGw9Im5vbmUiIGZpbGwtb3BhY2l0eT0iMCI+PHJlY3QgeD0iMCIgeT0iMCIgd2lkdGg9Ijk5OTk5IiBoZWlnaHQ9Ijk5OTk5Ij48L3JlY3Q+IDwvZz4gPC9zdmc+",Updated 1 week ago
"2 BHK Apartment for Sale in Sanjog Smruti Appartment, Chinchpada Gaon Kalyan",₹55 Lac,chpada Gaon Kalyan,,Ready to Move,Ground out of 4,Unfurnished,1,,"1 Covered,",East,"data:image/svg+xml;base64,PD94bWwgdmVyc2lvbj0iMS4wIiBlbmNvZGluZz0iVVRGLTgiPz48c3ZnIHdpZHRoPSI5OTk5OXB4IiBoZWlnaHQ9Ijk5OTk5cHgiIHZpZXdCb3g9IjAgMCA5OTk5OSA5OTk5OSIgdmVyc2lvbj0iMS4xIiB4bWxucz0iaHR0cDovL3d3dy53My5vcmcvMjAwMC9zdmciIHhtbG5zOnhsaW5rPSJodHRwOi8vd3d3LnczLm9yZy8xOTk5L3hsaW5rIj48ZyBzdHJva2U9Im5vbmUiIGZpbGw9Im5vbmUiIGZpbGwtb3BhY2l0eT0iMCI+PHJlY3QgeD0iMCIgeT0iMCIgd2lkdGg9Ijk5OTk5IiBoZWlnaHQ9Ijk5OTk5Ij48L3JlY3Q+IDwvZz4gPC9zdmc+",Updated 1 week ago
2 BHK Apartment for Sale in Khadakpada Kalyan,₹82 Lac,Khadakpada Kalyan,546 sqft,Poss. by Sep '26,15 out of 27,Unfurnished,2,1,,East,"data:image/svg+xml;base64,PD94bWwgdmVyc2lvbj0iMS4wIiBlbmNvZGluZz0iVVRGLTgiPz48c3ZnIHdpZHRoPSI5OTk5OXB4IiBoZWlnaHQ9Ijk5OTk5cHgiIHZpZXdCb3g9IjAgMCA5OTk5OSA5OTk5OSIgdmVyc2lvbj0iMS4xIiB4bWxucz0iaHR0cDovL3d3dy53My5vcmcvMjAwMC9zdmciIHhtbG5zOnhsaW5rPSJodHRwOi8vd3d3LnczLm9yZy8xOTk5L3hsaW5rIj48ZyBzdHJva2U9Im5vbmUiIGZpbGw9Im5vbmUiIGZpbGwtb3BhY2l0eT0iMCI+PHJlY3QgeD0iMCIgeT0iMCIgd2lkdGg9Ijk5OTk5IiBoZWlnaHQ9Ijk5OTk5Ij48L3JlY3Q+IDwvZz4gPC9zdmc+",Updated 1 week ago
3 BHK Apartment for Sale in Lodha Casa Premier Shilphata Dombivili East Kalyan,₹97.5 Lac,Lodha Casa Premier Shilphata Dombivili East Kalyan,702 sqft,Ready to Move,6 out of 23,Unfurnished,2,1,,,"data:image/svg+xml;base64,PD94bWwgdmVyc2lvbj0iMS4wIiBlbmNvZGluZz0iVVRGLTgiPz48c3ZnIHdpZHRoPSI5OTk5OXB4IiBoZWlnaHQ9Ijk5OTk5cHgiIHZpZXdCb3g9IjAgMCA5OTk5OSA5OTk5OSIgdmVyc2lvbj0iMS4xIiB4bWxucz0iaHR0cDovL3d3dy53My5vcmcvMjAwMC9zdmciIHhtbG5zOnhsaW5rPSJodHRwOi8vd3d3LnczLm9yZy8xOTk5L3hsaW5rIj48ZyBzdHJva2U9Im5vbmUiIGZpbGw9Im5vbmUiIGZpbGwtb3BhY2l0eT0iMCI+PHJlY3QgeD0iMCIgeT0iMCIgd2lkdGg9Ijk5OTk5IiBoZWlnaHQ9Ijk5OTk5Ij48L3JlY3Q+IDwvZz4gPC9zdmc+",Updated 7 days ago
2 BHK Apartment for Sale in Guru Atman Kalyan,₹75 Lac,Guru Atman Kalyan,600 sqft,Ready to Move,15 out of 19,Furnished,2,3,,,"data:image/svg+xml;base64,PD94bWwgdmVyc2lvbj0iMS4wIiBlbmNvZGluZz0iVVRGLTgiPz48c3ZnIHdpZHRoPSI5OTk5OXB4IiBoZWlnaHQ9Ijk5OTk5cHgiIHZpZXdCb3g9IjAgMCA5OTk5OSA5OTk5OSIgdmVyc2lvbj0iMS4xIiB4bWxucz0iaHR0cDovL3d3dy53My5vcmcvMjAwMC9zdmciIHhtbG5zOnhsaW5rPSJodHRwOi8vd3d3LnczLm9yZy8xOTk5L3hsaW5rIj48ZyBzdHJva2U9Im5vbmUiIGZpbGw9Im5vbmUiIGZpbGwtb3BhY2l0eT0iMCI+PHJlY3QgeD0iMCIgeT0iMCIgd2lkdGg9Ijk5OTk5IiBoZWlnaHQ9Ijk5OTk5Ij48L3JlY3Q+IDwvZz4gPC9zdmc+",Updated 1 week ago
2 BHK Builder Floor for Sale in Dombivli Kalyan,₹60 Lac,Dombivli Kalyan,,Ready to Move,Ground out of 5,Semi-Furnished,1,,1 Open,East,"data:image/svg+xml;base64,PD94bWwgdmVyc2lvbj0iMS4wIiBlbmNvZGluZz0iVVRGLTgiPz48c3ZnIHdpZHRoPSI5OTk5OXB4IiBoZWlnaHQ9Ijk5OTk5cHgiIHZpZXdCb3g9IjAgMCA5OTk5OSA5OTk5OSIgdmVyc2lvbj0iMS4xIiB4bWxucz0iaHR0cDovL3d3dy53My5vcmcvMjAwMC9zdmciIHhtbG5zOnhsaW5rPSJodHRwOi8vd3d3LnczLm9yZy8xOTk5L3hsaW5rIj48ZyBzdHJva2U9Im5vbmUiIGZpbGw9Im5vbmUiIGZpbGwtb3BhY2l0eT0iMCI+PHJlY3QgeD0iMCIgeT0iMCIgd2lkdGg9Ijk5OTk5IiBoZWlnaHQ9Ijk5OTk5Ij48L3JlY3Q+IDwvZz4gPC9zdmc+",Updated 1 week ago
2 BHK Apartment for Sale in Godrej Hill Kalyan,₹85 Lac,Godrej Hill Kalyan,868 sqft,Ready to Move,2 out of 14,Unfurnished,2,,,North - East,"data:image/svg+xml;base64,PD94bWwgdmVyc2lvbj0iMS4wIiBlbmNvZGluZz0iVVRGLTgiPz48c3ZnIHdpZHRoPSI5OTk5OXB4IiBoZWlnaHQ9Ijk5OTk5cHgiIHZpZXdCb3g9IjAgMCA5OTk5OSA5OTk5OSIgdmVyc2lvbj0iMS4xIiB4bWxucz0iaHR0cDovL3d3dy53My5vcmcvMjAwMC9zdmciIHhtbG5zOnhsaW5rPSJodHRwOi8vd3d3LnczLm9yZy8xOTk5L3hsaW5rIj48ZyBzdHJva2U9Im5vbmUiIGZpbGw9Im5vbmUiIGZpbGwtb3BhY2l0eT0iMCI+PHJlY3QgeD0iMCIgeT0iMCIgd2lkdGg9Ijk5OTk5IiBoZWlnaHQ9Ijk5OTk5Ij48L3JlY3Q+IDwvZz4gPC9zdmc+",Updated 3 months ago
2 BHK Apartment for Sale in Amrai Kalyan,₹50 Lac,Amrai Kalyan,675 sqft,Ready to Move,3 out of 3,Unfurnished,2,1,,West,"data:image/svg+xml;base64,PD94bWwgdmVyc2lvbj0iMS4wIiBlbmNvZGluZz0iVVRGLTgiPz48c3ZnIHdpZHRoPSI5OTk5OXB4IiBoZWlnaHQ9Ijk5OTk5cHgiIHZpZXdCb3g9IjAgMCA5OTk5OSA5OTk5OSIgdmVyc2lvbj0iMS4xIiB4bWxucz0iaHR0cDovL3d3dy53My5vcmcvMjAwMC9zdmciIHhtbG5zOnhsaW5rPSJodHRwOi8vd3d3LnczLm9yZy8xOTk5L3hsaW5rIj48ZyBzdHJva2U9Im5vbmUiIGZpbGw9Im5vbmUiIGZpbGwtb3BhY2l0eT0iMCI+PHJlY3QgeD0iMCIgeT0iMCIgd2lkdGg9Ijk5OTk5IiBoZWlnaHQ9Ijk5OTk5Ij48L3JlY3Q+IDwvZz4gPC9zdmc+",Updated 3 months ago
2 BHK Apartment for Sale in Lokgram Kalyan,₹60 Lac,Lokgram Kalyan,,Ready to Move,9 out of 9,Unfurnished,2,3,,,"data:image/svg+xml;base64,PD94bWwgdmVyc2lvbj0iMS4wIiBlbmNvZGluZz0iVVRGLTgiPz48c3ZnIHdpZHRoPSI5OTk5OXB4IiBoZWlnaHQ9Ijk5OTk5cHgiIHZpZXdCb3g9IjAgMCA5OTk5OSA5OTk5OSIgdmVyc2lvbj0iMS4xIiB4bWxucz0iaHR0cDovL3d3dy53My5vcmcvMjAwMC9zdmciIHhtbG5zOnhsaW5rPSJodHRwOi8vd3d3LnczLm9yZy8xOTk5L3hsaW5rIj48ZyBzdHJva2U9Im5vbmUiIGZpbGw9Im5vbmUiIGZpbGwtb3BhY2l0eT0iMCI+PHJlY3QgeD0iMCIgeT0iMCIgd2lkdGg9Ijk5OTk5IiBoZWlnaHQ9Ijk5OTk5Ij48L3JlY3Q+IDwvZz4gPC9zdmc+",Updated 2 weeks ago
2 BHK Apartment for Sale in Dombivli Kalyan,₹52 Lac,Dombivli Kalyan,702 sqft,Ready to Move,2 out of 17,Semi-Furnished,2,1,,North - East,"data:image/svg+xml;base64,PD94bWwgdmVyc2lvbj0iMS4wIiBlbmNvZGluZz0iVVRGLTgiPz48c3ZnIHdpZHRoPSI5OTk5OXB4IiBoZWlnaHQ9Ijk5OTk5cHgiIHZpZXdCb3g9IjAgMCA5OTk5OSA5OTk5OSIgdmVyc2lvbj0iMS4xIiB4bWxucz0iaHR0cDovL3d3dy53My5vcmcvMjAwMC9zdmciIHhtbG5zOnhsaW5rPSJodHRwOi8vd3d3LnczLm9yZy8xOTk5L3hsaW5rIj48ZyBzdHJva2U9Im5vbmUiIGZpbGw9Im5vbmUiIGZpbGwtb3BhY2l0eT0iMCI+PHJlY3QgeD0iMCIgeT0iMCIgd2lkdGg9Ijk5OTk5IiBoZWlnaHQ9Ijk5OTk5Ij48L3JlY3Q+IDwvZz4gPC9zdmc+",Updated yesterday
2 BHK Apartment for Sale in Kaushik Appartment Kalyan,₹16 Lac,Kaushik Appartment Kalyan,650 sqft,Ready to Move,2 out of 3,Unfurnished,1,,,,,Updated yesterday
2 BHK Apartment for Sale in ambiwali Kalyan,₹25 Lac,ambiwali Kalyan,390 sqft,Ready to Move,3 out of 7,Unfurnished,2,,,,,Updated yesterday
2 BHK Apartment for Sale in Yogidham Kalyan,₹65 Lac,Yogidham Kalyan,,Ready to Move,4 out of 19,Semi-Furnished,2,,,,,Updated 6 days ago
2 BHK Apartment for Sale in Mangeshi city 3 Kalyan,₹84 Lac,Mangeshi city 3 Kalyan,750 sqft,Ready to Move,4 out of 13,Semi-Furnished,2,2,,North,,Updated 1 week ago
"2 BHK Apartment for Sale in Malahar darshan Co.HSG Society Vallipeer Rd Kalyan, Amrai Kalyan",₹23 Lac,"Malahar darshan Co.HSG Society Vallipeer Rd Kalyan, Amrai Kalyan",770 sqft,Ready to Move,Ground out of 1,Semi-Furnished,1,,,,,Updated 1 week ago
3 BHK Apartment for Sale in Aadinath Palace Kalyan,₹1.25 Cr,ath Palace Kalyan,,Ready to Move,7 out of 7,Furnished,3,2,,,,Updated 1 week ago
3 BHK Apartment for Sale in Tilak Chowk Kalyan,₹1.09 Cr,Tilak Chowk Kalyan,,Ready to Move,6 out of 7,Semi-Furnished,3,,,,,Updated 3 months ago
2 BHK Apartment for Sale in Dombivli Kalyan,₹70 Lac,Dombivli Kalyan,575 sqft,Ready to Move,6 out of 20,Unfurnished,2,2,,,,Updated 1 week ago
2 BHK Apartment for Sale in Kalyan Murbad Road Kalyan,₹81 Lac,Kalyan Murbad Road Kalyan,585 sqft,Ready to Move,2 out of 7,Semi-Furnished,2,1,,,,Updated 1 week ago
2 BHK Apartment for Sale in Yogidham Kalyan,₹85 Lac,Yogidham Kalyan,650 sqft,Ready to Move,5 out of 19,Furnished,2,3,,,,Updated 3 months ago
3 BHK Apartment for Sale in shahad Kalyan,₹1.35 Cr,shahad Kalyan,1250 sqft,Ready to Move,28 out of 29,Unfurnished,3,5,,West,,Updated 3 months ago
2 BHK Apartment for Sale in Om Rohan chs Kalyan,₹75 Lac,Om Rohan chs Kalyan,,Ready to Move,2 out of 5,Semi-Furnished,2,,,,,Updated 7 days ago
2 BHK Apartment for Sale in Kohinoor Aashiyana Kalyan,₹50 Lac,oor Aashiyana Kalyan,518 sqft,Ready to Move,7 out of 15,Unfurnished,2,2,,,,Updated 7 days ago
2 BHK Apartment for Sale in MADHAV SHRUSHTI Kalyan,₹64 Lac,MADHAV SHRUSHTI Kalyan,650 sqft,Ready to Move,7 out of 7,Semi-Furnished,2,2,,,"data:image/svg+xml;base64,PD94bWwgdmVyc2lvbj0iMS4wIiBlbmNvZGluZz0iVVRGLTgiPz48c3ZnIHdpZHRoPSI5OTk5OXB4IiBoZWlnaHQ9Ijk5OTk5cHgiIHZpZXdCb3g9IjAgMCA5OTk5OSA5OTk5OSIgdmVyc2lvbj0iMS4xIiB4bWxucz0iaHR0cDovL3d3dy53My5vcmcvMjAwMC9zdmciIHhtbG5zOnhsaW5rPSJodHRwOi8vd3d3LnczLm9yZy8xOTk5L3hsaW5rIj48ZyBzdHJva2U9Im5vbmUiIGZpbGw9Im5vbmUiIGZpbGwtb3BhY2l0eT0iMCI+PHJlY3QgeD0iMCIgeT0iMCIgd2lkdGg9Ijk5OTk5IiBoZWlnaHQ9Ijk5OTk5Ij48L3JlY3Q+IDwvZz4gPC9zdmc+",Updated 2 weeks ago
2 BHK Apartment for Sale in Sai Nirvana Kalyan,₹95 Lac,Sai Nirvana Kalyan,,Ready to Move,11 out of 29,Furnished,2,,,,"data:image/svg+xml;base64,PD94bWwgdmVyc2lvbj0iMS4wIiBlbmNvZGluZz0iVVRGLTgiPz48c3ZnIHdpZHRoPSI5OTk5OXB4IiBoZWlnaHQ9Ijk5OTk5cHgiIHZpZXdCb3g9IjAgMCA5OTk5OSA5OTk5OSIgdmVyc2lvbj0iMS4xIiB4bWxucz0iaHR0cDovL3d3dy53My5vcmcvMjAwMC9zdmciIHhtbG5zOnhsaW5rPSJodHRwOi8vd3d3LnczLm9yZy8xOTk5L3hsaW5rIj48ZyBzdHJva2U9Im5vbmUiIGZpbGw9Im5vbmUiIGZpbGwtb3BhY2l0eT0iMCI+PHJlY3QgeD0iMCIgeT0iMCIgd2lkdGg9Ijk5OTk5IiBoZWlnaHQ9Ijk5OTk5Ij48L3JlY3Q+IDwvZz4gPC9zdmc+",Updated 2 weeks ago
2 BHK Apartment for Sale in Adharwadi Kalyan,₹70 Lac,Adharwadi Kalyan,629 sqft,Ready to Move,8 out of 10,Semi-Furnished,2,3,,North - East,"data:image/svg+xml;base64,PD94bWwgdmVyc2lvbj0iMS4wIiBlbmNvZGluZz0iVVRGLTgiPz48c3ZnIHdpZHRoPSI5OTk5OXB4IiBoZWlnaHQ9Ijk5OTk5cHgiIHZpZXdCb3g9IjAgMCA5OTk5OSA5OTk5OSIgdmVyc2lvbj0iMS4xIiB4bWxucz0iaHR0cDovL3d3dy53My5vcmcvMjAwMC9zdmciIHhtbG5zOnhsaW5rPSJodHRwOi8vd3d3LnczLm9yZy8xOTk5L3hsaW5rIj48ZyBzdHJva2U9Im5vbmUiIGZpbGw9Im5vbmUiIGZpbGwtb3BhY2l0eT0iMCI+PHJlY3QgeD0iMCIgeT0iMCIgd2lkdGg9Ijk5OTk5IiBoZWlnaHQ9Ijk5OTk5Ij48L3JlY3Q+IDwvZz4gPC9zdmc+",Updated 2 weeks ago
2 BHK Apartment for Sale in Vijay Nagar Kalyan,₹80 Lac,Vijay Nagar Kalyan,630 sqft,Ready to Move,5 out of 7,Furnished,3,2,,,"data:image/svg+xml;base64,PD94bWwgdmVyc2lvbj0iMS4wIiBlbmNvZGluZz0iVVRGLTgiPz48c3ZnIHdpZHRoPSI5OTk5OXB4IiBoZWlnaHQ9Ijk5OTk5cHgiIHZpZXdCb3g9IjAgMCA5OTk5OSA5OTk5OSIgdmVyc2lvbj0iMS4xIiB4bWxucz0iaHR0cDovL3d3dy53My5vcmcvMjAwMC9zdmciIHhtbG5zOnhsaW5rPSJodHRwOi8vd3d3LnczLm9yZy8xOTk5L3hsaW5rIj48ZyBzdHJva2U9Im5vbmUiIGZpbGw9Im5vbmUiIGZpbGwtb3BhY2l0eT0iMCI+PHJlY3QgeD0iMCIgeT0iMCIgd2lkdGg9Ijk5OTk5IiBoZWlnaHQ9Ijk5OTk5Ij48L3JlY3Q+IDwvZz4gPC9zdmc+",Updated 3 months ago
3 BHK Apartment for Sale in Dombivli Kalyan,₹1.15 Cr,Dombivli Kalyan,967 sqft,Ready to Move,7 out of 20,Furnished,2,4,,West,"data:image/svg+xml;base64,PD94bWwgdmVyc2lvbj0iMS4wIiBlbmNvZGluZz0iVVRGLTgiPz48c3ZnIHdpZHRoPSI5OTk5OXB4IiBoZWlnaHQ9Ijk5OTk5cHgiIHZpZXdCb3g9IjAgMCA5OTk5OSA5OTk5OSIgdmVyc2lvbj0iMS4xIiB4bWxucz0iaHR0cDovL3d3dy53My5vcmcvMjAwMC9zdmciIHhtbG5zOnhsaW5rPSJodHRwOi8vd3d3LnczLm9yZy8xOTk5L3hsaW5rIj48ZyBzdHJva2U9Im5vbmUiIGZpbGw9Im5vbmUiIGZpbGwtb3BhY2l0eT0iMCI+PHJlY3QgeD0iMCIgeT0iMCIgd2lkdGg9Ijk5OTk5IiBoZWlnaHQ9Ijk5OTk5Ij48L3JlY3Q+IDwvZz4gPC9zdmc+",Updated 2 weeks ago
"2 BHK Apartment for Sale in Tulsi Park, Khadakpada Kalyan",₹75 Lac,"Tulsi Park, Khadakpada Kalyan",950 sqft,Ready to Move,3 out of 7,Furnished,2,,,East,"data:image/svg+xml;base64,PD94bWwgdmVyc2lvbj0iMS4wIiBlbmNvZGluZz0iVVRGLTgiPz48c3ZnIHdpZHRoPSI5OTk5OXB4IiBoZWlnaHQ9Ijk5OTk5cHgiIHZpZXdCb3g9IjAgMCA5OTk5OSA5OTk5OSIgdmVyc2lvbj0iMS4xIiB4bWxucz0iaHR0cDovL3d3dy53My5vcmcvMjAwMC9zdmciIHhtbG5zOnhsaW5rPSJodHRwOi8vd3d3LnczLm9yZy8xOTk5L3hsaW5rIj48ZyBzdHJva2U9Im5vbmUiIGZpbGw9Im5vbmUiIGZpbGwtb3BhY2l0eT0iMCI+PHJlY3QgeD0iMCIgeT0iMCIgd2lkdGg9Ijk5OTk5IiBoZWlnaHQ9Ijk5OTk5Ij48L3JlY3Q+IDwvZz4gPC9zdmc+",Updated 2 weeks ago
2 BHK Apartment for Sale in raj vaibhav nx Kalyan,₹95 Lac,raj vaibhav nx Kalyan,,Ready to Move,1 out of 177,Semi-Furnished,2,2,,,"data:image/svg+xml;base64,PD94bWwgdmVyc2lvbj0iMS4wIiBlbmNvZGluZz0iVVRGLTgiPz48c3ZnIHdpZHRoPSI5OTk5OXB4IiBoZWlnaHQ9Ijk5OTk5cHgiIHZpZXdCb3g9IjAgMCA5OTk5OSA5OTk5OSIgdmVyc2lvbj0iMS4xIiB4bWxucz0iaHR0cDovL3d3dy53My5vcmcvMjAwMC9zdmciIHhtbG5zOnhsaW5rPSJodHRwOi8vd3d3LnczLm9yZy8xOTk5L3hsaW5rIj48ZyBzdHJva2U9Im5vbmUiIGZpbGw9Im5vbmUiIGZpbGwtb3BhY2l0eT0iMCI+PHJlY3QgeD0iMCIgeT0iMCIgd2lkdGg9Ijk5OTk5IiBoZWlnaHQ9Ijk5OTk5Ij48L3JlY3Q+IDwvZz4gPC9zdmc+",Updated 2 weeks ago
"2 BHK Apartment for Sale in Ambience SKY Phase 2, Netivali Kalyan",₹30 Lac,"Ambience SKY Phase 2, Netivali Kalyan",,Ready to Move,Ground out of 4,Semi-Furnished,2,,1 Open,East,"data:image/svg+xml;base64,PD94bWwgdmVyc2lvbj0iMS4wIiBlbmNvZGluZz0iVVRGLTgiPz48c3ZnIHdpZHRoPSI5OTk5OXB4IiBoZWlnaHQ9Ijk5OTk5cHgiIHZpZXdCb3g9IjAgMCA5OTk5OSA5OTk5OSIgdmVyc2lvbj0iMS4xIiB4bWxucz0iaHR0cDovL3d3dy53My5vcmcvMjAwMC9zdmciIHhtbG5zOnhsaW5rPSJodHRwOi8vd3d3LnczLm9yZy8xOTk5L3hsaW5rIj48ZyBzdHJva2U9Im5vbmUiIGZpbGw9Im5vbmUiIGZpbGwtb3BhY2l0eT0iMCI+PHJlY3QgeD0iMCIgeT0iMCIgd2lkdGg9Ijk5OTk5IiBoZWlnaHQ9Ijk5OTk5Ij48L3JlY3Q+IDwvZz4gPC9zdmc+",Updated 2 weeks ago
2 BHK Apartment for Sale in Chikan Ghar Kalyan,₹92 Lac,Chikan Ghar Kalyan,656 sqft,Ready to Move,3 out of 7,Semi-Furnished,2,2,1 Open,North - West,"data:image/svg+xml;base64,PD94bWwgdmVyc2lvbj0iMS4wIiBlbmNvZGluZz0iVVRGLTgiPz48c3ZnIHdpZHRoPSI5OTk5OXB4IiBoZWlnaHQ9Ijk5OTk5cHgiIHZpZXdCb3g9IjAgMCA5OTk5OSA5OTk5OSIgdmVyc2lvbj0iMS4xIiB4bWxucz0iaHR0cDovL3d3dy53My5vcmcvMjAwMC9zdmciIHhtbG5zOnhsaW5rPSJodHRwOi8vd3d3LnczLm9yZy8xOTk5L3hsaW5rIj48ZyBzdHJva2U9Im5vbmUiIGZpbGw9Im5vbmUiIGZpbGwtb3BhY2l0eT0iMCI+PHJlY3QgeD0iMCIgeT0iMCIgd2lkdGg9Ijk5OTk5IiBoZWlnaHQ9Ijk5OTk5Ij48L3JlY3Q+IDwvZz4gPC9zdmc+",Updated 2 weeks ago
2 BHK Apartment for Sale in Rukumini garden. Titwala near Ganapathy mandir Kalyan,₹40 Lac,i garden. Titwala near Ganapathy mandir Kalyan,,Ready to Move,,,,,,,"data:image/svg+xml;base64,PD94bWwgdmVyc2lvbj0iMS4wIiBlbmNvZGluZz0iVVRGLTgiPz48c3ZnIHdpZHRoPSI5OTk5OXB4IiBoZWlnaHQ9Ijk5OTk5cHgiIHZpZXdCb3g9IjAgMCA5OTk5OSA5OTk5OSIgdmVyc2lvbj0iMS4xIiB4bWxucz0iaHR0cDovL3d3dy53My5vcmcvMjAwMC9zdmciIHhtbG5zOnhsaW5rPSJodHRwOi8vd3d3LnczLm9yZy8xOTk5L3hsaW5rIj48ZyBzdHJva2U9Im5vbmUiIGZpbGw9Im5vbmUiIGZpbGwtb3BhY2l0eT0iMCI+PHJlY3QgeD0iMCIgeT0iMCIgd2lkdGg9Ijk5OTk5IiBoZWlnaHQ9Ijk5OTk5Ij48L3JlY3Q+IDwvZz4gPC9zdmc+",Updated 2 weeks ago
2 BHK Apartment for Sale in 100 Feet Road Kalyan,₹58 Lac,100 Feet Road Kalyan,850 sqft,Ready to Move,13 out of 15,Unfurnished,2,1,,North,,"Posted:   Sep 03, '24"
2 BHK Apartment for Sale in Dombivli Kalyan,₹80 Lac,Dombivli Kalyan,720 sqft,Ready to Move,20 out of 23,Semi-Furnished,2,4,,South - East,,"Posted:   Aug 24, '24"
2 BHK Apartment for Sale in Lokgram Kalyan,₹67 Lac,Lokgram Kalyan,,Ready to Move,12 out of 17,Unfurnished,2,,,,,Updated 2 weeks ago
2 BHK Apartment for Sale in titwala Kalyan,₹35 Lac,titwala Kalyan,680 sqft,Ready to Move,Ground out of 4,Unfurnished,1,1,,East,,Updated 2 weeks ago
3 BHK Apartment for Sale in Godrej Hill Kalyan,₹1.05 Cr,Godrej Hill Kalyan,,Ready to Move,6 out of 7,Furnished,3,,,,,Updated 2 weeks ago
2 BHK Apartment for Sale in Mahindra happinest kalyan Kalyan,₹55 Lac,est kalyan Kalyan,,Ready to Move,14 out of 14,Unfurnished,2,,,,,Updated 2 weeks ago
2 BHK Apartment for Sale in Sunder Nagar co-operative housing society Kalyan,₹93.3 Lac,g society Kalyan,,Ready to Move,4 out of 7,Furnished,3,,,,,"Posted:   Jun 21, '24"
2 BHK Apartment for Sale in Galaxy height bungalow area ulhasnagar Kalyan,₹1.10 Cr,Galaxy height bungalow area ulhasnagar Kalyan,,Ready to Move,2 out of 6,Furnished,2,,,,,Updated 1 month ago
2 BHK Apartment for Sale in Lokgram Kalyan,₹71 Lac,Lokgram Kalyan,585 sqft,Ready to Move,12 out of 16,Furnished,2,3,,North - East,"data:image/svg+xml;base64,PD94bWwgdmVyc2lvbj0iMS4wIiBlbmNvZGluZz0iVVRGLTgiPz48c3ZnIHdpZHRoPSI5OTk5OXB4IiBoZWlnaHQ9Ijk5OTk5cHgiIHZpZXdCb3g9IjAgMCA5OTk5OSA5OTk5OSIgdmVyc2lvbj0iMS4xIiB4bWxucz0iaHR0cDovL3d3dy53My5vcmcvMjAwMC9zdmciIHhtbG5zOnhsaW5rPSJodHRwOi8vd3d3LnczLm9yZy8xOTk5L3hsaW5rIj48ZyBzdHJva2U9Im5vbmUiIGZpbGw9Im5vbmUiIGZpbGwtb3BhY2l0eT0iMCI+PHJlY3QgeD0iMCIgeT0iMCIgd2lkdGg9Ijk5OTk5IiBoZWlnaHQ9Ijk5OTk5Ij48L3JlY3Q+IDwvZz4gPC9zdmc+",Updated 1 month ago
2 BHK Apartment for Sale in Dombivli Kalyan,₹32 Lac,Dombivli Kalyan,474 sqft,Ready to Move,6 out of 7,Semi-Furnished,1,1,,,"data:image/svg+xml;base64,PD94bWwgdmVyc2lvbj0iMS4wIiBlbmNvZGluZz0iVVRGLTgiPz48c3ZnIHdpZHRoPSI5OTk5OXB4IiBoZWlnaHQ9Ijk5OTk5cHgiIHZpZXdCb3g9IjAgMCA5OTk5OSA5OTk5OSIgdmVyc2lvbj0iMS4xIiB4bWxucz0iaHR0cDovL3d3dy53My5vcmcvMjAwMC9zdmciIHhtbG5zOnhsaW5rPSJodHRwOi8vd3d3LnczLm9yZy8xOTk5L3hsaW5rIj48ZyBzdHJva2U9Im5vbmUiIGZpbGw9Im5vbmUiIGZpbGwtb3BhY2l0eT0iMCI+PHJlY3QgeD0iMCIgeT0iMCIgd2lkdGg9Ijk5OTk5IiBoZWlnaHQ9Ijk5OTk5Ij48L3JlY3Q+IDwvZz4gPC9zdmc+",Updated 3 weeks ago
2 BHK Apartment for Sale in Yogidham Kalyan,₹75 Lac,Yogidham Kalyan,,Ready to Move,5 out of 19,Unfurnished,2,,,,,"Posted:   Jun 25, '24"
2 BHK Apartment for Sale in Shankheshwar Heights Kanchan Gaon Thakurli East 421201 Kalyan,₹70 Lac,Shankheshwar Heights Kanchan Gaon Thakurli East 421201 Kalyan,,Ready to Move,8 out of 16,Semi-Furnished,2,,,East,"data:image/svg+xml;base64,PD94bWwgdmVyc2lvbj0iMS4wIiBlbmNvZGluZz0iVVRGLTgiPz48c3ZnIHdpZHRoPSI5OTk5OXB4IiBoZWlnaHQ9Ijk5OTk5cHgiIHZpZXdCb3g9IjAgMCA5OTk5OSA5OTk5OSIgdmVyc2lvbj0iMS4xIiB4bWxucz0iaHR0cDovL3d3dy53My5vcmcvMjAwMC9zdmciIHhtbG5zOnhsaW5rPSJodHRwOi8vd3d3LnczLm9yZy8xOTk5L3hsaW5rIj48ZyBzdHJva2U9Im5vbmUiIGZpbGw9Im5vbmUiIGZpbGwtb3BhY2l0eT0iMCI+PHJlY3QgeD0iMCIgeT0iMCIgd2lkdGg9Ijk5OTk5IiBoZWlnaHQ9Ijk5OTk5Ij48L3JlY3Q+IDwvZz4gPC9zdmc+",Posted:   3 months ago
"2 BHK Apartment for Sale in Godrej Pinnacle, Godrej Hill Kalyan",₹70 Lac,"nacle, Godrej Hill Kalyan",732 sqft,Ready to Move,1 out of 7,Unfurnished,2,1,1 Open,East,"data:image/svg+xml;base64,PD94bWwgdmVyc2lvbj0iMS4wIiBlbmNvZGluZz0iVVRGLTgiPz48c3ZnIHdpZHRoPSI5OTk5OXB4IiBoZWlnaHQ9Ijk5OTk5cHgiIHZpZXdCb3g9IjAgMCA5OTk5OSA5OTk5OSIgdmVyc2lvbj0iMS4xIiB4bWxucz0iaHR0cDovL3d3dy53My5vcmcvMjAwMC9zdmciIHhtbG5zOnhsaW5rPSJodHRwOi8vd3d3LnczLm9yZy8xOTk5L3hsaW5rIj48ZyBzdHJva2U9Im5vbmUiIGZpbGw9Im5vbmUiIGZpbGwtb3BhY2l0eT0iMCI+PHJlY3QgeD0iMCIgeT0iMCIgd2lkdGg9Ijk5OTk5IiBoZWlnaHQ9Ijk5OTk5Ij48L3JlY3Q+IDwvZz4gPC9zdmc+",Updated 1 month ago
2 BHK Apartment for Sale in Dombivli Kalyan,₹40 Lac,Dombivli Kalyan,564 sqft,Ready to Move,4 out of 4,Semi-Furnished,2,,,,,Updated 4 weeks ago
2 BHK Apartment for Sale in Bhoirwadi Kalyan,₹67 Lac,Bhoirwadi Kalyan,680 sqft,Ready to Move,1 out of 10,Unfurnished,2,4,,West,"data:image/svg+xml;base64,PD94bWwgdmVyc2lvbj0iMS4wIiBlbmNvZGluZz0iVVRGLTgiPz48c3ZnIHdpZHRoPSI5OTk5OXB4IiBoZWlnaHQ9Ijk5OTk5cHgiIHZpZXdCb3g9IjAgMCA5OTk5OSA5OTk5OSIgdmVyc2lvbj0iMS4xIiB4bWxucz0iaHR0cDovL3d3dy53My5vcmcvMjAwMC9zdmciIHhtbG5zOnhsaW5rPSJodHRwOi8vd3d3LnczLm9yZy8xOTk5L3hsaW5rIj48ZyBzdHJva2U9Im5vbmUiIGZpbGw9Im5vbmUiIGZpbGwtb3BhY2l0eT0iMCI+PHJlY3QgeD0iMCIgeT0iMCIgd2lkdGg9Ijk5OTk5IiBoZWlnaHQ9Ijk5OTk5Ij48L3JlY3Q+IDwvZz4gPC9zdmc+",Updated 3 weeks ago
2 BHK Apartment for Sale in Adharwadi Kalyan,₹75 Lac,Adharwadi Kalyan,,Ready to Move,,,,,,,,"Posted:   Jun 21, '24"
2 BHK Apartment for Sale in Runwal gardens Kalyan,₹95 Lac,Runwal gardens Kalyan,775 sqft,Ready to Move,23 out of 23,Semi-Furnished,2,,,,,Posted:   3 months ago
2 BHK Apartment for Sale in Dombivli Kalyan,₹90 Lac,Dombivli Kalyan,778 sqft,Ready to Move,13 out of 23,Furnished,2,3,1 Covered,East,https://img.staticmb.com/mbphoto/property/cropped_images/2024/Jul/15/Photo_h300_w450/73841927_4_hatsAppImage20240715at15.12.168238df8a_300_450.jpg,Updated 1 month ago
2 BHK Apartment for Sale in Nirmal Kalyan,₹40 Lac,Nirmal Kalyan,,Ready to Move,1 out of 1,Unfurnished,1,1,,,https://img.staticmb.com/mbphoto/property/cropped_images/2023/Jun/14/Photo_h300_w450/67510169_2_20230221111752623_300_450.jpg,Updated 4 weeks ago
"2 BHK Apartment for Sale in Godrej Pinnacle, Godrej Hill Kalyan",₹65 Lac,"nacle, Godrej Hill Kalyan",753 sqft,Ready to Move,3 out of 3,Semi-Furnished,2,1,,North,"data:image/svg+xml;base64,PD94bWwgdmVyc2lvbj0iMS4wIiBlbmNvZGluZz0iVVRGLTgiPz48c3ZnIHdpZHRoPSI5OTk5OXB4IiBoZWlnaHQ9Ijk5OTk5cHgiIHZpZXdCb3g9IjAgMCA5OTk5OSA5OTk5OSIgdmVyc2lvbj0iMS4xIiB4bWxucz0iaHR0cDovL3d3dy53My5vcmcvMjAwMC9zdmciIHhtbG5zOnhsaW5rPSJodHRwOi8vd3d3LnczLm9yZy8xOTk5L3hsaW5rIj48ZyBzdHJva2U9Im5vbmUiIGZpbGw9Im5vbmUiIGZpbGwtb3BhY2l0eT0iMCI+PHJlY3QgeD0iMCIgeT0iMCIgd2lkdGg9Ijk5OTk5IiBoZWlnaHQ9Ijk5OTk5Ij48L3JlY3Q+IDwvZz4gPC9zdmc+",Updated 1 month ago
"2 BHK Apartment for Sale in Dattusai Complex, Dombivli Kalyan",₹63 Lac,"Dattusai Complex, Dombivli Kalyan",750 sqft,Ready to Move,3 out of 7,Furnished,2,2,,,"data:image/svg+xml;base64,PD94bWwgdmVyc2lvbj0iMS4wIiBlbmNvZGluZz0iVVRGLTgiPz48c3ZnIHdpZHRoPSI5OTk5OXB4IiBoZWlnaHQ9Ijk5OTk5cHgiIHZpZXdCb3g9IjAgMCA5OTk5OSA5OTk5OSIgdmVyc2lvbj0iMS4xIiB4bWxucz0iaHR0cDovL3d3dy53My5vcmcvMjAwMC9zdmciIHhtbG5zOnhsaW5rPSJodHRwOi8vd3d3LnczLm9yZy8xOTk5L3hsaW5rIj48ZyBzdHJva2U9Im5vbmUiIGZpbGw9Im5vbmUiIGZpbGwtb3BhY2l0eT0iMCI+PHJlY3QgeD0iMCIgeT0iMCIgd2lkdGg9Ijk5OTk5IiBoZWlnaHQ9Ijk5OTk5Ij48L3JlY3Q+IDwvZz4gPC9zdmc+","Posted:   Jun 21, '24"
3 BHK Apartment for Sale in MIDC Dombivli East Kalyan,₹1.38 Cr,MIDC Dombivli East Kalyan,,Ready to Move,12 out of 22,Semi-Furnished,3,1,2 Covered,West,"data:image/svg+xml;base64,PD94bWwgdmVyc2lvbj0iMS4wIiBlbmNvZGluZz0iVVRGLTgiPz48c3ZnIHdpZHRoPSI5OTk5OXB4IiBoZWlnaHQ9Ijk5OTk5cHgiIHZpZXdCb3g9IjAgMCA5OTk5OSA5OTk5OSIgdmVyc2lvbj0iMS4xIiB4bWxucz0iaHR0cDovL3d3dy53My5vcmcvMjAwMC9zdmciIHhtbG5zOnhsaW5rPSJodHRwOi8vd3d3LnczLm9yZy8xOTk5L3hsaW5rIj48ZyBzdHJva2U9Im5vbmUiIGZpbGw9Im5vbmUiIGZpbGwtb3BhY2l0eT0iMCI+PHJlY3QgeD0iMCIgeT0iMCIgd2lkdGg9Ijk5OTk5IiBoZWlnaHQ9Ijk5OTk5Ij48L3JlY3Q+IDwvZz4gPC9zdmc+",Posted:   3 months ago
2 BHK Apartment for Sale in vasant valley Kalyan,₹1.10 Cr,vasant valley Kalyan,787 sqft,Ready to Move,10 out of 18,Furnished,2,1,,North,,Posted:   3 months ago
2 BHK Apartment for Sale in Kalyan,₹75 Lac,Kalyan,630 sqft,Ready to Move,3 out of 22,Semi-Furnished,2,2,,North,,Updated 3 weeks ago
"3 BHK Apartment for Sale in Sai sankul phase 2, Khadakpada Kalyan",₹95 Lac,"Sai sankul phase 2, Khadakpada Kalyan",1130 sqft,Ready to Move,8 out of 8,Unfurnished,2,1,1 Open,East,"data:image/svg+xml;base64,PD94bWwgdmVyc2lvbj0iMS4wIiBlbmNvZGluZz0iVVRGLTgiPz48c3ZnIHdpZHRoPSI5OTk5OXB4IiBoZWlnaHQ9Ijk5OTk5cHgiIHZpZXdCb3g9IjAgMCA5OTk5OSA5OTk5OSIgdmVyc2lvbj0iMS4xIiB4bWxucz0iaHR0cDovL3d3dy53My5vcmcvMjAwMC9zdmciIHhtbG5zOnhsaW5rPSJodHRwOi8vd3d3LnczLm9yZy8xOTk5L3hsaW5rIj48ZyBzdHJva2U9Im5vbmUiIGZpbGw9Im5vbmUiIGZpbGwtb3BhY2l0eT0iMCI+PHJlY3QgeD0iMCIgeT0iMCIgd2lkdGg9Ijk5OTk5IiBoZWlnaHQ9Ijk5OTk5Ij48L3JlY3Q+IDwvZz4gPC9zdmc+",Updated 1 month ago
2 BHK Apartment for Sale in Mohan Alteza Kalyan,₹1.50 Cr,Mohan Alteza Kalyan,1107 sqft,Poss. by Dec '27,17 out of 34,Unfurnished,2,3,,,,Updated 3 weeks ago
3 BHK Apartment for Sale in Khadakpada Kalyan,₹2.40 Cr,Khadakpada Kalyan,,Ready to Move,8 out of 30,Furnished,3,,,,,Updated 1 month ago
2 BHK Apartment for Sale in Kalyan,₹71 Lac,Kalyan,,Ready to Move,3 out of 3,Unfurnished,2,2,,South - East,"data:image/svg+xml;base64,PD94bWwgdmVyc2lvbj0iMS4wIiBlbmNvZGluZz0iVVRGLTgiPz48c3ZnIHdpZHRoPSI5OTk5OXB4IiBoZWlnaHQ9Ijk5OTk5cHgiIHZpZXdCb3g9IjAgMCA5OTk5OSA5OTk5OSIgdmVyc2lvbj0iMS4xIiB4bWxucz0iaHR0cDovL3d3dy53My5vcmcvMjAwMC9zdmciIHhtbG5zOnhsaW5rPSJodHRwOi8vd3d3LnczLm9yZy8xOTk5L3hsaW5rIj48ZyBzdHJva2U9Im5vbmUiIGZpbGw9Im5vbmUiIGZpbGwtb3BhY2l0eT0iMCI+PHJlY3QgeD0iMCIgeT0iMCIgd2lkdGg9Ijk5OTk5IiBoZWlnaHQ9Ijk5OTk5Ij48L3JlY3Q+IDwvZz4gPC9zdmc+",Posted:   3 months ago
3 BHK Apartment for Sale in Dombivli Kalyan,₹1 Cr,Dombivli Kalyan,760 sqft,Ready to Move,10 out of 19,Semi-Furnished,2,2,,,,Posted:   3 months ago
3 BHK Apartment for Sale in Dombivli Kalyan,₹1.91 Cr,Dombivli Kalyan,965 sqft,Poss. by Jun '26,6 out of 7,Unfurnished,3,3,,West,,Updated 3 weeks ago
2 BHK Apartment for Sale in Metro Residency Kalyan,₹1.25 Cr,Metro Residency Kalyan,900 sqft,Ready to Move,22 out of 23,Furnished,2,2,,,,Posted:   3 months ago
2 BHK Apartment for Sale in lakeshore green Kalyan,₹50 Lac,lakeshore green Kalyan,638 sqft,Ready to Move,9 out of 17,Unfurnished,2,2,,,"data:image/svg+xml;base64,PD94bWwgdmVyc2lvbj0iMS4wIiBlbmNvZGluZz0iVVRGLTgiPz48c3ZnIHdpZHRoPSI5OTk5OXB4IiBoZWlnaHQ9Ijk5OTk5cHgiIHZpZXdCb3g9IjAgMCA5OTk5OSA5OTk5OSIgdmVyc2lvbj0iMS4xIiB4bWxucz0iaHR0cDovL3d3dy53My5vcmcvMjAwMC9zdmciIHhtbG5zOnhsaW5rPSJodHRwOi8vd3d3LnczLm9yZy8xOTk5L3hsaW5rIj48ZyBzdHJva2U9Im5vbmUiIGZpbGw9Im5vbmUiIGZpbGwtb3BhY2l0eT0iMCI+PHJlY3QgeD0iMCIgeT0iMCIgd2lkdGg9Ijk5OTk5IiBoZWlnaHQ9Ijk5OTk5Ij48L3JlY3Q+IDwvZz4gPC9zdmc+",Updated 1 month ago
2 BHK Apartment for Sale in Khadakpada Kalyan,₹78 Lac,Khadakpada Kalyan,850 sqft,Ready to Move,3 out of 7,Unfurnished,2,1,,East,"data:image/svg+xml;base64,PD94bWwgdmVyc2lvbj0iMS4wIiBlbmNvZGluZz0iVVRGLTgiPz48c3ZnIHdpZHRoPSI5OTk5OXB4IiBoZWlnaHQ9Ijk5OTk5cHgiIHZpZXdCb3g9IjAgMCA5OTk5OSA5OTk5OSIgdmVyc2lvbj0iMS4xIiB4bWxucz0iaHR0cDovL3d3dy53My5vcmcvMjAwMC9zdmciIHhtbG5zOnhsaW5rPSJodHRwOi8vd3d3LnczLm9yZy8xOTk5L3hsaW5rIj48ZyBzdHJva2U9Im5vbmUiIGZpbGw9Im5vbmUiIGZpbGwtb3BhY2l0eT0iMCI+PHJlY3QgeD0iMCIgeT0iMCIgd2lkdGg9Ijk5OTk5IiBoZWlnaHQ9Ijk5OTk5Ij48L3JlY3Q+IDwvZz4gPC9zdmc+",Posted:   3 months ago
3 BHK Apartment for Sale in Dombivli Kalyan,₹75 Lac,Dombivli Kalyan,1024 sqft,Ready to Move,4 out of 7,Unfurnished,3,4,,East,"data:image/svg+xml;base64,PD94bWwgdmVyc2lvbj0iMS4wIiBlbmNvZGluZz0iVVRGLTgiPz48c3ZnIHdpZHRoPSI5OTk5OXB4IiBoZWlnaHQ9Ijk5OTk5cHgiIHZpZXdCb3g9IjAgMCA5OTk5OSA5OTk5OSIgdmVyc2lvbj0iMS4xIiB4bWxucz0iaHR0cDovL3d3dy53My5vcmcvMjAwMC9zdmciIHhtbG5zOnhsaW5rPSJodHRwOi8vd3d3LnczLm9yZy8xOTk5L3hsaW5rIj48ZyBzdHJva2U9Im5vbmUiIGZpbGw9Im5vbmUiIGZpbGwtb3BhY2l0eT0iMCI+PHJlY3QgeD0iMCIgeT0iMCIgd2lkdGg9Ijk5OTk5IiBoZWlnaHQ9Ijk5OTk5Ij48L3JlY3Q+IDwvZz4gPC9zdmc+","Posted:   Jun 27, '24"
2 BHK Apartment for Sale in 100 Feet Road Kalyan,₹60 Lac,100 Feet Road Kalyan,689 sqft,Ready to Move,11 out of 24,Unfurnished,2,2,,,"data:image/svg+xml;base64,PD94bWwgdmVyc2lvbj0iMS4wIiBlbmNvZGluZz0iVVRGLTgiPz48c3ZnIHdpZHRoPSI5OTk5OXB4IiBoZWlnaHQ9Ijk5OTk5cHgiIHZpZXdCb3g9IjAgMCA5OTk5OSA5OTk5OSIgdmVyc2lvbj0iMS4xIiB4bWxucz0iaHR0cDovL3d3dy53My5vcmcvMjAwMC9zdmciIHhtbG5zOnhsaW5rPSJodHRwOi8vd3d3LnczLm9yZy8xOTk5L3hsaW5rIj48ZyBzdHJva2U9Im5vbmUiIGZpbGw9Im5vbmUiIGZpbGwtb3BhY2l0eT0iMCI+PHJlY3QgeD0iMCIgeT0iMCIgd2lkdGg9Ijk5OTk5IiBoZWlnaHQ9Ijk5OTk5Ij48L3JlY3Q+IDwvZz4gPC9zdmc+",Updated 1 month ago
2 BHK Apartment for Sale in thakurli Kalyan,₹72 Lac,thakurli Kalyan,550 sqft,Ready to Move,7 out of 10,Furnished,2,2,,,"data:image/svg+xml;base64,PD94bWwgdmVyc2lvbj0iMS4wIiBlbmNvZGluZz0iVVRGLTgiPz48c3ZnIHdpZHRoPSI5OTk5OXB4IiBoZWlnaHQ9Ijk5OTk5cHgiIHZpZXdCb3g9IjAgMCA5OTk5OSA5OTk5OSIgdmVyc2lvbj0iMS4xIiB4bWxucz0iaHR0cDovL3d3dy53My5vcmcvMjAwMC9zdmciIHhtbG5zOnhsaW5rPSJodHRwOi8vd3d3LnczLm9yZy8xOTk5L3hsaW5rIj48ZyBzdHJva2U9Im5vbmUiIGZpbGw9Im5vbmUiIGZpbGwtb3BhY2l0eT0iMCI+PHJlY3QgeD0iMCIgeT0iMCIgd2lkdGg9Ijk5OTk5IiBoZWlnaHQ9Ijk5OTk5Ij48L3JlY3Q+IDwvZz4gPC9zdmc+",Updated 1 month ago
3 BHK Apartment for Sale in Dombivli Kalyan,₹66 Lac,Dombivli Kalyan,,Ready to Move,7 out of 17,Semi-Furnished,2,,,,"data:image/svg+xml;base64,PD94bWwgdmVyc2lvbj0iMS4wIiBlbmNvZGluZz0iVVRGLTgiPz48c3ZnIHdpZHRoPSI5OTk5OXB4IiBoZWlnaHQ9Ijk5OTk5cHgiIHZpZXdCb3g9IjAgMCA5OTk5OSA5OTk5OSIgdmVyc2lvbj0iMS4xIiB4bWxucz0iaHR0cDovL3d3dy53My5vcmcvMjAwMC9zdmciIHhtbG5zOnhsaW5rPSJodHRwOi8vd3d3LnczLm9yZy8xOTk5L3hsaW5rIj48ZyBzdHJva2U9Im5vbmUiIGZpbGw9Im5vbmUiIGZpbGwtb3BhY2l0eT0iMCI+PHJlY3QgeD0iMCIgeT0iMCIgd2lkdGg9Ijk5OTk5IiBoZWlnaHQ9Ijk5OTk5Ij48L3JlY3Q+IDwvZz4gPC9zdmc+",Posted:   3 months ago
2 BHK Apartment for Sale in Thankar Pada Kalyan,₹85 Lac,Thankar Pada Kalyan,,Ready to Move,12 out of 13,Unfurnished,2,,,,,Updated 1 month ago
2 BHK Apartment for Sale in Sarvoday Park Kalyan,₹80 Lac,Sarvoday Park Kalyan,720 sqft,Ready to Move,3 out of 3,Semi-Furnished,2,,,,,Posted:   3 months ago
3 BHK Apartment for Sale in Khadakpada Kalyan,₹1.25 Cr,Khadakpada Kalyan,1360 sqft,Ready to Move,7 out of 7,Unfurnished,3,2,,East,"data:image/svg+xml;base64,PD94bWwgdmVyc2lvbj0iMS4wIiBlbmNvZGluZz0iVVRGLTgiPz48c3ZnIHdpZHRoPSI5OTk5OXB4IiBoZWlnaHQ9Ijk5OTk5cHgiIHZpZXdCb3g9IjAgMCA5OTk5OSA5OTk5OSIgdmVyc2lvbj0iMS4xIiB4bWxucz0iaHR0cDovL3d3dy53My5vcmcvMjAwMC9zdmciIHhtbG5zOnhsaW5rPSJodHRwOi8vd3d3LnczLm9yZy8xOTk5L3hsaW5rIj48ZyBzdHJva2U9Im5vbmUiIGZpbGw9Im5vbmUiIGZpbGwtb3BhY2l0eT0iMCI+PHJlY3QgeD0iMCIgeT0iMCIgd2lkdGg9Ijk5OTk5IiBoZWlnaHQ9Ijk5OTk5Ij48L3JlY3Q+IDwvZz4gPC9zdmc+",Updated 1 month ago
2 BHK Apartment for Sale in Lal Chowki Kalyan,₹1 Cr,Lal Chowki Kalyan,,Ready to Move,7 out of 7,Unfurnished,2,3,,,,Posted:   3 months ago
2 BHK Apartment for Sale in RAJ KIRTI CHS Sunil Nagar Kalyan,₹80 Lac,RAJ KIRTI CHS Sunil Nagar Kalyan,800 sqft,Ready to Move,6 out of 6,Semi-Furnished,2,4,,,"data:image/svg+xml;base64,PD94bWwgdmVyc2lvbj0iMS4wIiBlbmNvZGluZz0iVVRGLTgiPz48c3ZnIHdpZHRoPSI5OTk5OXB4IiBoZWlnaHQ9Ijk5OTk5cHgiIHZpZXdCb3g9IjAgMCA5OTk5OSA5OTk5OSIgdmVyc2lvbj0iMS4xIiB4bWxucz0iaHR0cDovL3d3dy53My5vcmcvMjAwMC9zdmciIHhtbG5zOnhsaW5rPSJodHRwOi8vd3d3LnczLm9yZy8xOTk5L3hsaW5rIj48ZyBzdHJva2U9Im5vbmUiIGZpbGw9Im5vbmUiIGZpbGwtb3BhY2l0eT0iMCI+PHJlY3QgeD0iMCIgeT0iMCIgd2lkdGg9Ijk5OTk5IiBoZWlnaHQ9Ijk5OTk5Ij48L3JlY3Q+IDwvZz4gPC9zdmc+","Posted:   Jun 25, '24"
3 BHK Apartment for Sale in Bazarpeth Kalyan,₹65 Lac,Bazarpeth Kalyan,1030 sqft,Ready to Move,1 out of 4,Semi-Furnished,3,,,East,"data:image/svg+xml;base64,PD94bWwgdmVyc2lvbj0iMS4wIiBlbmNvZGluZz0iVVRGLTgiPz48c3ZnIHdpZHRoPSI5OTk5OXB4IiBoZWlnaHQ9Ijk5OTk5cHgiIHZpZXdCb3g9IjAgMCA5OTk5OSA5OTk5OSIgdmVyc2lvbj0iMS4xIiB4bWxucz0iaHR0cDovL3d3dy53My5vcmcvMjAwMC9zdmciIHhtbG5zOnhsaW5rPSJodHRwOi8vd3d3LnczLm9yZy8xOTk5L3hsaW5rIj48ZyBzdHJva2U9Im5vbmUiIGZpbGw9Im5vbmUiIGZpbGwtb3BhY2l0eT0iMCI+PHJlY3QgeD0iMCIgeT0iMCIgd2lkdGg9Ijk5OTk5IiBoZWlnaHQ9Ijk5OTk5Ij48L3JlY3Q+IDwvZz4gPC9zdmc+",Updated 1 month ago
2 BHK Apartment for Sale in Dombivli Kalyan,₹78 Lac,Dombivli Kalyan,,Ready to Move,4 out of 6,Semi-Furnished,2,,,,"data:image/svg+xml;base64,PD94bWwgdmVyc2lvbj0iMS4wIiBlbmNvZGluZz0iVVRGLTgiPz48c3ZnIHdpZHRoPSI5OTk5OXB4IiBoZWlnaHQ9Ijk5OTk5cHgiIHZpZXdCb3g9IjAgMCA5OTk5OSA5OTk5OSIgdmVyc2lvbj0iMS4xIiB4bWxucz0iaHR0cDovL3d3dy53My5vcmcvMjAwMC9zdmciIHhtbG5zOnhsaW5rPSJodHRwOi8vd3d3LnczLm9yZy8xOTk5L3hsaW5rIj48ZyBzdHJva2U9Im5vbmUiIGZpbGw9Im5vbmUiIGZpbGwtb3BhY2l0eT0iMCI+PHJlY3QgeD0iMCIgeT0iMCIgd2lkdGg9Ijk5OTk5IiBoZWlnaHQ9Ijk5OTk5Ij48L3JlY3Q+IDwvZz4gPC9zdmc+",Updated 1 month ago
2 BHK Apartment for Sale in Bail Bazar Cir Kalyan,₹80 Lac,Bail Bazar Cir Kalyan,1000 sqft,Ready to Move,Ground out of 2,Furnished,3,3,,East,https://img.staticmb.com/mbphoto/property/cropped_images/2023/Jul/28/Photo_h300_w450/68347799_7_1690553726920-572_300_450.jpg,Updated 1 month ago
2 BHK Apartment for Sale in Dombivli Kalyan,₹62 Lac,Dombivli Kalyan,524 sqft,Ready to Move,19 out of 20,Unfurnished,2,2,,,https://img.staticmb.com/mbphoto/property/cropped_images/2024/Feb/04/Photo_h300_w450/71227697_5_MG202401131508361_300_450.jpg,Posted:   3 months ago
2 BHK Apartment for Sale in Shankeshwar Palms Kalyan,₹70 Lac,Shankeshwar Palms Kalyan,,Ready to Move,1 out of 7,Semi-Furnished,2,,,,,"Updated Jun 21, '24"
2 BHK Apartment for Sale in Dombivli Kalyan,₹54 Lac,Dombivli Kalyan,676 sqft,Ready to Move,4 out of 7,Semi-Furnished,2,1,,,,Updated 1 month ago
2 BHK Apartment for Sale in Anmol garden Kalyan,₹48 Lac,Anmol garden Kalyan,549 sqft,Ready to Move,1 out of 4,Unfurnished,2,1,,,,Posted:   3 months ago
3 BHK Apartment for Sale in Adharwadi Kalyan,₹95 Lac,Adharwadi Kalyan,923 sqft,Ready to Move,15 out of 29,Unfurnished,2,2,,,,Updated 3 weeks ago
2 BHK Apartment for Sale in Dombivli Kalyan,₹50 Lac,Dombivli Kalyan,600 sqft,Ready to Move,7 out of 7,Unfurnished,2,2,,,,"Posted:   Jun 23, '24"
2 BHK Apartment for Sale in Khadakpada Kalyan,₹75 Lac,Khadakpada Kalyan,1175 sqft,Ready to Move,12 out of 13,Unfurnished,2,3,,West,"data:image/svg+xml;base64,PD94bWwgdmVyc2lvbj0iMS4wIiBlbmNvZGluZz0iVVRGLTgiPz48c3ZnIHdpZHRoPSI5OTk5OXB4IiBoZWlnaHQ9Ijk5OTk5cHgiIHZpZXdCb3g9IjAgMCA5OTk5OSA5OTk5OSIgdmVyc2lvbj0iMS4xIiB4bWxucz0iaHR0cDovL3d3dy53My5vcmcvMjAwMC9zdmciIHhtbG5zOnhsaW5rPSJodHRwOi8vd3d3LnczLm9yZy8xOTk5L3hsaW5rIj48ZyBzdHJva2U9Im5vbmUiIGZpbGw9Im5vbmUiIGZpbGwtb3BhY2l0eT0iMCI+PHJlY3QgeD0iMCIgeT0iMCIgd2lkdGg9Ijk5OTk5IiBoZWlnaHQ9Ijk5OTk5Ij48L3JlY3Q+IDwvZz4gPC9zdmc+",Updated 3 weeks ago
2 BHK Apartment for Sale in Yogidham Kalyan,₹70 Lac,Yogidham Kalyan,650 sqft,Ready to Move,3 out of 21,Unfurnished,2,3,,South - East,"data:image/svg+xml;base64,PD94bWwgdmVyc2lvbj0iMS4wIiBlbmNvZGluZz0iVVRGLTgiPz48c3ZnIHdpZHRoPSI5OTk5OXB4IiBoZWlnaHQ9Ijk5OTk5cHgiIHZpZXdCb3g9IjAgMCA5OTk5OSA5OTk5OSIgdmVyc2lvbj0iMS4xIiB4bWxucz0iaHR0cDovL3d3dy53My5vcmcvMjAwMC9zdmciIHhtbG5zOnhsaW5rPSJodHRwOi8vd3d3LnczLm9yZy8xOTk5L3hsaW5rIj48ZyBzdHJva2U9Im5vbmUiIGZpbGw9Im5vbmUiIGZpbGwtb3BhY2l0eT0iMCI+PHJlY3QgeD0iMCIgeT0iMCIgd2lkdGg9Ijk5OTk5IiBoZWlnaHQ9Ijk5OTk5Ij48L3JlY3Q+IDwvZz4gPC9zdmc+",Updated 1 month ago
2 BHK Apartment for Sale in Adharwadi Kalyan,₹55 Lac,Adharwadi Kalyan,,Ready to Move,5 out of 7,Unfurnished,2,4,1 Open,East,"data:image/svg+xml;base64,PD94bWwgdmVyc2lvbj0iMS4wIiBlbmNvZGluZz0iVVRGLTgiPz48c3ZnIHdpZHRoPSI5OTk5OXB4IiBoZWlnaHQ9Ijk5OTk5cHgiIHZpZXdCb3g9IjAgMCA5OTk5OSA5OTk5OSIgdmVyc2lvbj0iMS4xIiB4bWxucz0iaHR0cDovL3d3dy53My5vcmcvMjAwMC9zdmciIHhtbG5zOnhsaW5rPSJodHRwOi8vd3d3LnczLm9yZy8xOTk5L3hsaW5rIj48ZyBzdHJva2U9Im5vbmUiIGZpbGw9Im5vbmUiIGZpbGwtb3BhY2l0eT0iMCI+PHJlY3QgeD0iMCIgeT0iMCIgd2lkdGg9Ijk5OTk5IiBoZWlnaHQ9Ijk5OTk5Ij48L3JlY3Q+IDwvZz4gPC9zdmc+",Posted:   3 months ago
2 BHK Apartment for Sale in konark solitaire Kalyan,₹54 Lac,konark solitaire Kalyan,700 sqft,Ready to Move,12 out of 13,Unfurnished,2,4,,East,"data:image/svg+xml;base64,PD94bWwgdmVyc2lvbj0iMS4wIiBlbmNvZGluZz0iVVRGLTgiPz48c3ZnIHdpZHRoPSI5OTk5OXB4IiBoZWlnaHQ9Ijk5OTk5cHgiIHZpZXdCb3g9IjAgMCA5OTk5OSA5OTk5OSIgdmVyc2lvbj0iMS4xIiB4bWxucz0iaHR0cDovL3d3dy53My5vcmcvMjAwMC9zdmciIHhtbG5zOnhsaW5rPSJodHRwOi8vd3d3LnczLm9yZy8xOTk5L3hsaW5rIj48ZyBzdHJva2U9Im5vbmUiIGZpbGw9Im5vbmUiIGZpbGwtb3BhY2l0eT0iMCI+PHJlY3QgeD0iMCIgeT0iMCIgd2lkdGg9Ijk5OTk5IiBoZWlnaHQ9Ijk5OTk5Ij48L3JlY3Q+IDwvZz4gPC9zdmc+",Updated 3 weeks ago
2 BHK Apartment for Sale in Raghuveer Nagar  Kalyan,₹88 Lac,Raghuveer Nagar  Kalyan,646 sqft,Ready to Move,4 out of 8,Unfurnished,2,3,1 Covered,East,"data:image/svg+xml;base64,PD94bWwgdmVyc2lvbj0iMS4wIiBlbmNvZGluZz0iVVRGLTgiPz48c3ZnIHdpZHRoPSI5OTk5OXB4IiBoZWlnaHQ9Ijk5OTk5cHgiIHZpZXdCb3g9IjAgMCA5OTk5OSA5OTk5OSIgdmVyc2lvbj0iMS4xIiB4bWxucz0iaHR0cDovL3d3dy53My5vcmcvMjAwMC9zdmciIHhtbG5zOnhsaW5rPSJodHRwOi8vd3d3LnczLm9yZy8xOTk5L3hsaW5rIj48ZyBzdHJva2U9Im5vbmUiIGZpbGw9Im5vbmUiIGZpbGwtb3BhY2l0eT0iMCI+PHJlY3QgeD0iMCIgeT0iMCIgd2lkdGg9Ijk5OTk5IiBoZWlnaHQ9Ijk5OTk5Ij48L3JlY3Q+IDwvZz4gPC9zdmc+",Updated 1 month ago
2 BHK Apartment for Sale in Khadakpada Kalyan,₹85 Lac,Khadakpada Kalyan,,Ready to Move,3 out of 21,Unfurnished,2,4,,East,,Updated 3 months ago
3 BHK  House for Sale in kanvinde Kalyan,₹75 Lac,de Kalyan,1500 sqft,Ready to Move,2 out of 3,Unfurnished,2,2,,East,"data:image/svg+xml;base64,PD94bWwgdmVyc2lvbj0iMS4wIiBlbmNvZGluZz0iVVRGLTgiPz48c3ZnIHdpZHRoPSI5OTk5OXB4IiBoZWlnaHQ9Ijk5OTk5cHgiIHZpZXdCb3g9IjAgMCA5OTk5OSA5OTk5OSIgdmVyc2lvbj0iMS4xIiB4bWxucz0iaHR0cDovL3d3dy53My5vcmcvMjAwMC9zdmciIHhtbG5zOnhsaW5rPSJodHRwOi8vd3d3LnczLm9yZy8xOTk5L3hsaW5rIj48ZyBzdHJva2U9Im5vbmUiIGZpbGw9Im5vbmUiIGZpbGwtb3BhY2l0eT0iMCI+PHJlY3QgeD0iMCIgeT0iMCIgd2lkdGg9Ijk5OTk5IiBoZWlnaHQ9Ijk5OTk5Ij48L3JlY3Q+IDwvZz4gPC9zdmc+",Updated 1 month ago
2 BHK Apartment for Sale in Mayfair Vishwaraja Kalyan,₹50 Lac,Mayfair Vishwaraja Kalyan,475 sqft,Ready to Move,7 out of 11,Semi-Furnished,2,3,,East,,Posted:   3 months ago
3 BHK Apartment for Sale in MANPADA ROAD Kalyan,₹50 Lac,MANPADA ROAD Kalyan,,Ready to Move,1 out of 4,Unfurnished,2,,1 Open,East,,Posted:   3 months ago
2 BHK Apartment for Sale in Dombivli Kalyan,₹85 Lac,Dombivli Kalyan,669 sqft,Ready to Move,7 out of 23,Furnished,2,2,,East,"data:image/svg+xml;base64,PD94bWwgdmVyc2lvbj0iMS4wIiBlbmNvZGluZz0iVVRGLTgiPz48c3ZnIHdpZHRoPSI5OTk5OXB4IiBoZWlnaHQ9Ijk5OTk5cHgiIHZpZXdCb3g9IjAgMCA5OTk5OSA5OTk5OSIgdmVyc2lvbj0iMS4xIiB4bWxucz0iaHR0cDovL3d3dy53My5vcmcvMjAwMC9zdmciIHhtbG5zOnhsaW5rPSJodHRwOi8vd3d3LnczLm9yZy8xOTk5L3hsaW5rIj48ZyBzdHJva2U9Im5vbmUiIGZpbGw9Im5vbmUiIGZpbGwtb3BhY2l0eT0iMCI+PHJlY3QgeD0iMCIgeT0iMCIgd2lkdGg9Ijk5OTk5IiBoZWlnaHQ9Ijk5OTk5Ij48L3JlY3Q+IDwvZz4gPC9zdmc+",Updated 3 months ago
"2 BHK Apartment for Sale in Tata Amantra , Kalyan",₹90 Lac,"Tata Amantra , Kalyan",,Ready to Move,5 out of 24,Semi-Furnished,2,2,1 Covered,North - East,"data:image/svg+xml;base64,PD94bWwgdmVyc2lvbj0iMS4wIiBlbmNvZGluZz0iVVRGLTgiPz48c3ZnIHdpZHRoPSI5OTk5OXB4IiBoZWlnaHQ9Ijk5OTk5cHgiIHZpZXdCb3g9IjAgMCA5OTk5OSA5OTk5OSIgdmVyc2lvbj0iMS4xIiB4bWxucz0iaHR0cDovL3d3dy53My5vcmcvMjAwMC9zdmciIHhtbG5zOnhsaW5rPSJodHRwOi8vd3d3LnczLm9yZy8xOTk5L3hsaW5rIj48ZyBzdHJva2U9Im5vbmUiIGZpbGw9Im5vbmUiIGZpbGwtb3BhY2l0eT0iMCI+PHJlY3QgeD0iMCIgeT0iMCIgd2lkdGg9Ijk5OTk5IiBoZWlnaHQ9Ijk5OTk5Ij48L3JlY3Q+IDwvZz4gPC9zdmc+",Posted:   3 months ago
2 BHK Apartment for Sale in SAI SATYAM HOMES Kalyan,₹66 Lac,SAI SATYAM HOMES Kalyan,,Ready to Move,14 out of 18,Unfurnished,2,,,,"data:image/svg+xml;base64,PD94bWwgdmVyc2lvbj0iMS4wIiBlbmNvZGluZz0iVVRGLTgiPz48c3ZnIHdpZHRoPSI5OTk5OXB4IiBoZWlnaHQ9Ijk5OTk5cHgiIHZpZXdCb3g9IjAgMCA5OTk5OSA5OTk5OSIgdmVyc2lvbj0iMS4xIiB4bWxucz0iaHR0cDovL3d3dy53My5vcmcvMjAwMC9zdmciIHhtbG5zOnhsaW5rPSJodHRwOi8vd3d3LnczLm9yZy8xOTk5L3hsaW5rIj48ZyBzdHJva2U9Im5vbmUiIGZpbGw9Im5vbmUiIGZpbGwtb3BhY2l0eT0iMCI+PHJlY3QgeD0iMCIgeT0iMCIgd2lkdGg9Ijk5OTk5IiBoZWlnaHQ9Ijk5OTk5Ij48L3JlY3Q+IDwvZz4gPC9zdmc+",Updated 4 weeks ago
2 BHK Apartment for Sale in Kalyan,₹1 Cr,Kalyan,,Ready to Move,15 out of 23,Unfurnished,2,3,,,"data:image/svg+xml;base64,PD94bWwgdmVyc2lvbj0iMS4wIiBlbmNvZGluZz0iVVRGLTgiPz48c3ZnIHdpZHRoPSI5OTk5OXB4IiBoZWlnaHQ9Ijk5OTk5cHgiIHZpZXdCb3g9IjAgMCA5OTk5OSA5OTk5OSIgdmVyc2lvbj0iMS4xIiB4bWxucz0iaHR0cDovL3d3dy53My5vcmcvMjAwMC9zdmciIHhtbG5zOnhsaW5rPSJodHRwOi8vd3d3LnczLm9yZy8xOTk5L3hsaW5rIj48ZyBzdHJva2U9Im5vbmUiIGZpbGw9Im5vbmUiIGZpbGwtb3BhY2l0eT0iMCI+PHJlY3QgeD0iMCIgeT0iMCIgd2lkdGg9Ijk5OTk5IiBoZWlnaHQ9Ijk5OTk5Ij48L3JlY3Q+IDwvZz4gPC9zdmc+",Updated 1 month ago
2 BHK Apartment for Sale in shree malang road Kalyan,₹31 Lac,shree malang road Kalyan,500 sqft,Ready to Move,2 out of 4,Semi-Furnished,1,,,,"data:image/svg+xml;base64,PD94bWwgdmVyc2lvbj0iMS4wIiBlbmNvZGluZz0iVVRGLTgiPz48c3ZnIHdpZHRoPSI5OTk5OXB4IiBoZWlnaHQ9Ijk5OTk5cHgiIHZpZXdCb3g9IjAgMCA5OTk5OSA5OTk5OSIgdmVyc2lvbj0iMS4xIiB4bWxucz0iaHR0cDovL3d3dy53My5vcmcvMjAwMC9zdmciIHhtbG5zOnhsaW5rPSJodHRwOi8vd3d3LnczLm9yZy8xOTk5L3hsaW5rIj48ZyBzdHJva2U9Im5vbmUiIGZpbGw9Im5vbmUiIGZpbGwtb3BhY2l0eT0iMCI+PHJlY3QgeD0iMCIgeT0iMCIgd2lkdGg9Ijk5OTk5IiBoZWlnaHQ9Ijk5OTk5Ij48L3JlY3Q+IDwvZz4gPC9zdmc+","Posted:   Jul 12, '24"
2 BHK Apartment for Sale in Dombivli Kalyan,₹89 Lac,Dombivli Kalyan,,Ready to Move,7 out of 7,Furnished,1,,,East,"data:image/svg+xml;base64,PD94bWwgdmVyc2lvbj0iMS4wIiBlbmNvZGluZz0iVVRGLTgiPz48c3ZnIHdpZHRoPSI5OTk5OXB4IiBoZWlnaHQ9Ijk5OTk5cHgiIHZpZXdCb3g9IjAgMCA5OTk5OSA5OTk5OSIgdmVyc2lvbj0iMS4xIiB4bWxucz0iaHR0cDovL3d3dy53My5vcmcvMjAwMC9zdmciIHhtbG5zOnhsaW5rPSJodHRwOi8vd3d3LnczLm9yZy8xOTk5L3hsaW5rIj48ZyBzdHJva2U9Im5vbmUiIGZpbGw9Im5vbmUiIGZpbGwtb3BhY2l0eT0iMCI+PHJlY3QgeD0iMCIgeT0iMCIgd2lkdGg9Ijk5OTk5IiBoZWlnaHQ9Ijk5OTk5Ij48L3JlY3Q+IDwvZz4gPC9zdmc+",Posted:   3 months ago
"2 BHK Apartment for Sale in Mangeshi Dreamcity, Adharwadi Kalyan",₹65 Lac,"Mangeshi Dreamcity, Adharwadi Kalyan",,Ready to Move,3 out of 7,Unfurnished,2,,,,"data:image/svg+xml;base64,PD94bWwgdmVyc2lvbj0iMS4wIiBlbmNvZGluZz0iVVRGLTgiPz48c3ZnIHdpZHRoPSI5OTk5OXB4IiBoZWlnaHQ9Ijk5OTk5cHgiIHZpZXdCb3g9IjAgMCA5OTk5OSA5OTk5OSIgdmVyc2lvbj0iMS4xIiB4bWxucz0iaHR0cDovL3d3dy53My5vcmcvMjAwMC9zdmciIHhtbG5zOnhsaW5rPSJodHRwOi8vd3d3LnczLm9yZy8xOTk5L3hsaW5rIj48ZyBzdHJva2U9Im5vbmUiIGZpbGw9Im5vbmUiIGZpbGwtb3BhY2l0eT0iMCI+PHJlY3QgeD0iMCIgeT0iMCIgd2lkdGg9Ijk5OTk5IiBoZWlnaHQ9Ijk5OTk5Ij48L3JlY3Q+IDwvZz4gPC9zdmc+","Posted:   Jun 27, '24"
2 BHK Apartment for Sale in Panchamrut CHS Kalyan,₹60 Lac,Panchamrut CHS Kalyan,700 sqft,Ready to Move,3 out of 6,Unfurnished,2,3,,North,"data:image/svg+xml;base64,PD94bWwgdmVyc2lvbj0iMS4wIiBlbmNvZGluZz0iVVRGLTgiPz48c3ZnIHdpZHRoPSI5OTk5OXB4IiBoZWlnaHQ9Ijk5OTk5cHgiIHZpZXdCb3g9IjAgMCA5OTk5OSA5OTk5OSIgdmVyc2lvbj0iMS4xIiB4bWxucz0iaHR0cDovL3d3dy53My5vcmcvMjAwMC9zdmciIHhtbG5zOnhsaW5rPSJodHRwOi8vd3d3LnczLm9yZy8xOTk5L3hsaW5rIj48ZyBzdHJva2U9Im5vbmUiIGZpbGw9Im5vbmUiIGZpbGwtb3BhY2l0eT0iMCI+PHJlY3QgeD0iMCIgeT0iMCIgd2lkdGg9Ijk5OTk5IiBoZWlnaHQ9Ijk5OTk5Ij48L3JlY3Q+IDwvZz4gPC9zdmc+",Posted:   3 months ago
3 BHK Apartment for Sale in Yogidham Kalyan,₹85 Lac,Yogidham Kalyan,980 sqft,Ready to Move,11 out of 15,Unfurnished,2,1,,,"data:image/svg+xml;base64,PD94bWwgdmVyc2lvbj0iMS4wIiBlbmNvZGluZz0iVVRGLTgiPz48c3ZnIHdpZHRoPSI5OTk5OXB4IiBoZWlnaHQ9Ijk5OTk5cHgiIHZpZXdCb3g9IjAgMCA5OTk5OSA5OTk5OSIgdmVyc2lvbj0iMS4xIiB4bWxucz0iaHR0cDovL3d3dy53My5vcmcvMjAwMC9zdmciIHhtbG5zOnhsaW5rPSJodHRwOi8vd3d3LnczLm9yZy8xOTk5L3hsaW5rIj48ZyBzdHJva2U9Im5vbmUiIGZpbGw9Im5vbmUiIGZpbGwtb3BhY2l0eT0iMCI+PHJlY3QgeD0iMCIgeT0iMCIgd2lkdGg9Ijk5OTk5IiBoZWlnaHQ9Ijk5OTk5Ij48L3JlY3Q+IDwvZz4gPC9zdmc+","Posted:   Jul 06, '24"
2 BHK Apartment for Sale in Godrej Hill Kalyan,₹86 Lac,Godrej Hill Kalyan,765 sqft,Ready to Move,15 out of 17,Unfurnished,2,1,,,"data:image/svg+xml;base64,PD94bWwgdmVyc2lvbj0iMS4wIiBlbmNvZGluZz0iVVRGLTgiPz48c3ZnIHdpZHRoPSI5OTk5OXB4IiBoZWlnaHQ9Ijk5OTk5cHgiIHZpZXdCb3g9IjAgMCA5OTk5OSA5OTk5OSIgdmVyc2lvbj0iMS4xIiB4bWxucz0iaHR0cDovL3d3dy53My5vcmcvMjAwMC9zdmciIHhtbG5zOnhsaW5rPSJodHRwOi8vd3d3LnczLm9yZy8xOTk5L3hsaW5rIj48ZyBzdHJva2U9Im5vbmUiIGZpbGw9Im5vbmUiIGZpbGwtb3BhY2l0eT0iMCI+PHJlY3QgeD0iMCIgeT0iMCIgd2lkdGg9Ijk5OTk5IiBoZWlnaHQ9Ijk5OTk5Ij48L3JlY3Q+IDwvZz4gPC9zdmc+",Updated 1 month ago
2 BHK Apartment for Sale in Birla Vanya Phase I Kalyan,₹100 Lac,Birla Vanya Phase I Kalyan,726 sqft,Ready to Move,17 out of 32,Unfurnished,2,1,,West,,Posted:   3 months ago
2 BHK Apartment for Sale in Mangeshi Elite Phase 2 Kalyan,₹1.10 Cr,Mangeshi Elite Phase 2 Kalyan,,Ready to Move,9 out of 11,Furnished,2,,,,,"Posted:   Jun 30, '24"
2 BHK Apartment for Sale in GokulNagari Khadakpada Kalyan,₹60 Lac,GokulNagari Khadakpada Kalyan,580 sqft,Ready to Move,Ground out of 4,Semi-Furnished,2,,,South -West,"data:image/svg+xml;base64,PD94bWwgdmVyc2lvbj0iMS4wIiBlbmNvZGluZz0iVVRGLTgiPz48c3ZnIHdpZHRoPSI5OTk5OXB4IiBoZWlnaHQ9Ijk5OTk5cHgiIHZpZXdCb3g9IjAgMCA5OTk5OSA5OTk5OSIgdmVyc2lvbj0iMS4xIiB4bWxucz0iaHR0cDovL3d3dy53My5vcmcvMjAwMC9zdmciIHhtbG5zOnhsaW5rPSJodHRwOi8vd3d3LnczLm9yZy8xOTk5L3hsaW5rIj48ZyBzdHJva2U9Im5vbmUiIGZpbGw9Im5vbmUiIGZpbGwtb3BhY2l0eT0iMCI+PHJlY3QgeD0iMCIgeT0iMCIgd2lkdGg9Ijk5OTk5IiBoZWlnaHQ9Ijk5OTk5Ij48L3JlY3Q+IDwvZz4gPC9zdmc+",Posted:   3 months ago
2 BHK Apartment for Sale in Pisavli Kalyan,₹35 Lac,Pisavli Kalyan,760 sqft,Ready to Move,2 out of 4,Semi-Furnished,2,2,1 Covered,East,"data:image/svg+xml;base64,PD94bWwgdmVyc2lvbj0iMS4wIiBlbmNvZGluZz0iVVRGLTgiPz48c3ZnIHdpZHRoPSI5OTk5OXB4IiBoZWlnaHQ9Ijk5OTk5cHgiIHZpZXdCb3g9IjAgMCA5OTk5OSA5OTk5OSIgdmVyc2lvbj0iMS4xIiB4bWxucz0iaHR0cDovL3d3dy53My5vcmcvMjAwMC9zdmciIHhtbG5zOnhsaW5rPSJodHRwOi8vd3d3LnczLm9yZy8xOTk5L3hsaW5rIj48ZyBzdHJva2U9Im5vbmUiIGZpbGw9Im5vbmUiIGZpbGwtb3BhY2l0eT0iMCI+PHJlY3QgeD0iMCIgeT0iMCIgd2lkdGg9Ijk5OTk5IiBoZWlnaHQ9Ijk5OTk5Ij48L3JlY3Q+IDwvZz4gPC9zdmc+","Posted:   Jun 21, '24"
2 BHK Apartment for Sale in Khadakpada Kalyan,₹1.10 Cr,Khadakpada Kalyan,734 sqft,Ready to Move,4 out of 17,Unfurnished,2,1,1 Covered,East,,Updated 3 months ago
3 BHK Apartment for Sale in THANE Kalyan,₹1.10 Cr,THANE Kalyan,870 sqft,Ready to Move,10 out of 21,Semi-Furnished,2,2,1 Covered,,,Posted:   3 months ago
3 BHK Apartment for Sale in Mehak Plaza Shahad Kalyan,₹1.20 Cr,Mehak Plaza Shahad Kalyan,,Ready to Move,4 out of 16,Unfurnished,3,3,,,,Updated 1 month ago
2 BHK Apartment for Sale in Vivek Aangan Society Kalyan,₹85 Lac,Vivek Aangan Society Kalyan,630 sqft,Ready to Move,2 out of 4,Semi-Furnished,2,,1 Covered,East,https://img.staticmb.com/mbphoto/property/cropped_images/2024/Feb/24/Photo_h300_w450/71553135_7_WhatsAppImage20240224at3.36.15PM_300_450.jpeg,"Posted:   Jul 12, '24"
2 BHK Apartment for Sale in Ambernath East Kalyan,₹38 Lac,Ambernath East Kalyan,870 sqft,Ready to Move,2 out of 4,Semi-Furnished,1,,,,"data:image/svg+xml;base64,PD94bWwgdmVyc2lvbj0iMS4wIiBlbmNvZGluZz0iVVRGLTgiPz48c3ZnIHdpZHRoPSI5OTk5OXB4IiBoZWlnaHQ9Ijk5OTk5cHgiIHZpZXdCb3g9IjAgMCA5OTk5OSA5OTk5OSIgdmVyc2lvbj0iMS4xIiB4bWxucz0iaHR0cDovL3d3dy53My5vcmcvMjAwMC9zdmciIHhtbG5zOnhsaW5rPSJodHRwOi8vd3d3LnczLm9yZy8xOTk5L3hsaW5rIj48ZyBzdHJva2U9Im5vbmUiIGZpbGw9Im5vbmUiIGZpbGwtb3BhY2l0eT0iMCI+PHJlY3QgeD0iMCIgeT0iMCIgd2lkdGg9Ijk5OTk5IiBoZWlnaHQ9Ijk5OTk5Ij48L3JlY3Q+IDwvZz4gPC9zdmc+",Updated 1 month ago
3 BHK Apartment for Sale in Khadakpada Kalyan,₹97 Lac,Khadakpada Kalyan,,Ready to Move,12 out of 13,Furnished,2,,,,,Updated 1 month ago
2 BHK Apartment for Sale in Dombivli Kalyan,₹60 Lac,Dombivli Kalyan,550 sqft,Ready to Move,5 out of 10,Furnished,2,3,,East,"data:image/svg+xml;base64,PD94bWwgdmVyc2lvbj0iMS4wIiBlbmNvZGluZz0iVVRGLTgiPz48c3ZnIHdpZHRoPSI5OTk5OXB4IiBoZWlnaHQ9Ijk5OTk5cHgiIHZpZXdCb3g9IjAgMCA5OTk5OSA5OTk5OSIgdmVyc2lvbj0iMS4xIiB4bWxucz0iaHR0cDovL3d3dy53My5vcmcvMjAwMC9zdmciIHhtbG5zOnhsaW5rPSJodHRwOi8vd3d3LnczLm9yZy8xOTk5L3hsaW5rIj48ZyBzdHJva2U9Im5vbmUiIGZpbGw9Im5vbmUiIGZpbGwtb3BhY2l0eT0iMCI+PHJlY3QgeD0iMCIgeT0iMCIgd2lkdGg9Ijk5OTk5IiBoZWlnaHQ9Ijk5OTk5Ij48L3JlY3Q+IDwvZz4gPC9zdmc+",Updated 3 weeks ago
2 BHK Apartment for Sale in Dombivli Kalyan,₹57 Lac,Dombivli Kalyan,,Ready to Move,23 out of 27,Unfurnished,2,,,,"data:image/svg+xml;base64,PD94bWwgdmVyc2lvbj0iMS4wIiBlbmNvZGluZz0iVVRGLTgiPz48c3ZnIHdpZHRoPSI5OTk5OXB4IiBoZWlnaHQ9Ijk5OTk5cHgiIHZpZXdCb3g9IjAgMCA5OTk5OSA5OTk5OSIgdmVyc2lvbj0iMS4xIiB4bWxucz0iaHR0cDovL3d3dy53My5vcmcvMjAwMC9zdmciIHhtbG5zOnhsaW5rPSJodHRwOi8vd3d3LnczLm9yZy8xOTk5L3hsaW5rIj48ZyBzdHJva2U9Im5vbmUiIGZpbGw9Im5vbmUiIGZpbGwtb3BhY2l0eT0iMCI+PHJlY3QgeD0iMCIgeT0iMCIgd2lkdGg9Ijk5OTk5IiBoZWlnaHQ9Ijk5OTk5Ij48L3JlY3Q+IDwvZz4gPC9zdmc+",Updated 1 month ago
2 BHK Apartment for Sale in Sankeshwar Krupa Complex Kalyan,₹1.20 Cr,Sankeshwar Krupa Complex Kalyan,900 sqft,Ready to Move,1 out of 4,Furnished,2,1,,,"data:image/svg+xml;base64,PD94bWwgdmVyc2lvbj0iMS4wIiBlbmNvZGluZz0iVVRGLTgiPz48c3ZnIHdpZHRoPSI5OTk5OXB4IiBoZWlnaHQ9Ijk5OTk5cHgiIHZpZXdCb3g9IjAgMCA5OTk5OSA5OTk5OSIgdmVyc2lvbj0iMS4xIiB4bWxucz0iaHR0cDovL3d3dy53My5vcmcvMjAwMC9zdmciIHhtbG5zOnhsaW5rPSJodHRwOi8vd3d3LnczLm9yZy8xOTk5L3hsaW5rIj48ZyBzdHJva2U9Im5vbmUiIGZpbGw9Im5vbmUiIGZpbGwtb3BhY2l0eT0iMCI+PHJlY3QgeD0iMCIgeT0iMCIgd2lkdGg9Ijk5OTk5IiBoZWlnaHQ9Ijk5OTk5Ij48L3JlY3Q+IDwvZz4gPC9zdmc+",Posted:   3 months ago
2 BHK Apartment for Sale in Adharwadi Kalyan,₹66 Lac,Adharwadi Kalyan,,Ready to Move,6 out of 7,Unfurnished,2,3,,East,"data:image/svg+xml;base64,PD94bWwgdmVyc2lvbj0iMS4wIiBlbmNvZGluZz0iVVRGLTgiPz48c3ZnIHdpZHRoPSI5OTk5OXB4IiBoZWlnaHQ9Ijk5OTk5cHgiIHZpZXdCb3g9IjAgMCA5OTk5OSA5OTk5OSIgdmVyc2lvbj0iMS4xIiB4bWxucz0iaHR0cDovL3d3dy53My5vcmcvMjAwMC9zdmciIHhtbG5zOnhsaW5rPSJodHRwOi8vd3d3LnczLm9yZy8xOTk5L3hsaW5rIj48ZyBzdHJva2U9Im5vbmUiIGZpbGw9Im5vbmUiIGZpbGwtb3BhY2l0eT0iMCI+PHJlY3QgeD0iMCIgeT0iMCIgd2lkdGg9Ijk5OTk5IiBoZWlnaHQ9Ijk5OTk5Ij48L3JlY3Q+IDwvZz4gPC9zdmc+","Posted:   Jul 12, '24"
"2 BHK Apartment for Sale in Saket World, 100 Feet Road Kalyan",₹27 Lac,"Saket World, 100 Feet Road Kalyan",,Ready to Move,1 out of 3,Unfurnished,1,1,,North,"data:image/svg+xml;base64,PD94bWwgdmVyc2lvbj0iMS4wIiBlbmNvZGluZz0iVVRGLTgiPz48c3ZnIHdpZHRoPSI5OTk5OXB4IiBoZWlnaHQ9Ijk5OTk5cHgiIHZpZXdCb3g9IjAgMCA5OTk5OSA5OTk5OSIgdmVyc2lvbj0iMS4xIiB4bWxucz0iaHR0cDovL3d3dy53My5vcmcvMjAwMC9zdmciIHhtbG5zOnhsaW5rPSJodHRwOi8vd3d3LnczLm9yZy8xOTk5L3hsaW5rIj48ZyBzdHJva2U9Im5vbmUiIGZpbGw9Im5vbmUiIGZpbGwtb3BhY2l0eT0iMCI+PHJlY3QgeD0iMCIgeT0iMCIgd2lkdGg9Ijk5OTk5IiBoZWlnaHQ9Ijk5OTk5Ij48L3JlY3Q+IDwvZz4gPC9zdmc+",Updated 4 weeks ago
2 BHK Apartment for Sale in Badalpur Kalyan,₹38 Lac,Badalpur Kalyan,670 sqft,Ready to Move,6 out of 7,Unfurnished,2,2,,,,"Posted:   Jun 26, '24"
2 BHK Apartment for Sale in Ambarnath east Kalyan,₹45 Lac,Ambarnath east Kalyan,680 sqft,Ready to Move,12 out of 14,Semi-Furnished,2,1,,East,"data:image/svg+xml;base64,PD94bWwgdmVyc2lvbj0iMS4wIiBlbmNvZGluZz0iVVRGLTgiPz48c3ZnIHdpZHRoPSI5OTk5OXB4IiBoZWlnaHQ9Ijk5OTk5cHgiIHZpZXdCb3g9IjAgMCA5OTk5OSA5OTk5OSIgdmVyc2lvbj0iMS4xIiB4bWxucz0iaHR0cDovL3d3dy53My5vcmcvMjAwMC9zdmciIHhtbG5zOnhsaW5rPSJodHRwOi8vd3d3LnczLm9yZy8xOTk5L3hsaW5rIj48ZyBzdHJva2U9Im5vbmUiIGZpbGw9Im5vbmUiIGZpbGwtb3BhY2l0eT0iMCI+PHJlY3QgeD0iMCIgeT0iMCIgd2lkdGg9Ijk5OTk5IiBoZWlnaHQ9Ijk5OTk5Ij48L3JlY3Q+IDwvZz4gPC9zdmc+","Posted:   Jul 10, '24"
2 BHK Apartment for Sale in Adharwadi Kalyan,₹70 Lac,Adharwadi Kalyan,745 sqft,Ready to Move,1 out of 8,Semi-Furnished,2,2,,,"data:image/svg+xml;base64,PD94bWwgdmVyc2lvbj0iMS4wIiBlbmNvZGluZz0iVVRGLTgiPz48c3ZnIHdpZHRoPSI5OTk5OXB4IiBoZWlnaHQ9Ijk5OTk5cHgiIHZpZXdCb3g9IjAgMCA5OTk5OSA5OTk5OSIgdmVyc2lvbj0iMS4xIiB4bWxucz0iaHR0cDovL3d3dy53My5vcmcvMjAwMC9zdmciIHhtbG5zOnhsaW5rPSJodHRwOi8vd3d3LnczLm9yZy8xOTk5L3hsaW5rIj48ZyBzdHJva2U9Im5vbmUiIGZpbGw9Im5vbmUiIGZpbGwtb3BhY2l0eT0iMCI+PHJlY3QgeD0iMCIgeT0iMCIgd2lkdGg9Ijk5OTk5IiBoZWlnaHQ9Ijk5OTk5Ij48L3JlY3Q+IDwvZz4gPC9zdmc+",Posted:   3 months ago
3 BHK Apartment for Sale in Chikan Ghar Kalyan,₹92 Lac,Chikan Ghar Kalyan,,Ready to Move,1 out of 4,Unfurnished,3,3,,East,,Updated 1 month ago
2 BHK Apartment for Sale in shashwat park Kalyan,₹35 Lac,shashwat park Kalyan,580 sqft,Ready to Move,4 out of 7,Unfurnished,3,1,,,,"Posted:   Jun 27, '24"
"2 BHK Apartment for Sale in Topaz CHS, Godrej Hill Kalyan",₹75 Lac,"Topaz CHS, Godrej Hill Kalyan",,Ready to Move,1 out of 8,Unfurnished,2,,,,"data:image/svg+xml;base64,PD94bWwgdmVyc2lvbj0iMS4wIiBlbmNvZGluZz0iVVRGLTgiPz48c3ZnIHdpZHRoPSI5OTk5OXB4IiBoZWlnaHQ9Ijk5OTk5cHgiIHZpZXdCb3g9IjAgMCA5OTk5OSA5OTk5OSIgdmVyc2lvbj0iMS4xIiB4bWxucz0iaHR0cDovL3d3dy53My5vcmcvMjAwMC9zdmciIHhtbG5zOnhsaW5rPSJodHRwOi8vd3d3LnczLm9yZy8xOTk5L3hsaW5rIj48ZyBzdHJva2U9Im5vbmUiIGZpbGw9Im5vbmUiIGZpbGwtb3BhY2l0eT0iMCI+PHJlY3QgeD0iMCIgeT0iMCIgd2lkdGg9Ijk5OTk5IiBoZWlnaHQ9Ijk5OTk5Ij48L3JlY3Q+IDwvZz4gPC9zdmc+",Updated 4 weeks ago
2 BHK Apartment for Sale in Dombivli Kalyan,₹40 Lac,Dombivli Kalyan,785 sqft,Ready to Move,4 out of 7,Furnished,2,,,South,"data:image/svg+xml;base64,PD94bWwgdmVyc2lvbj0iMS4wIiBlbmNvZGluZz0iVVRGLTgiPz48c3ZnIHdpZHRoPSI5OTk5OXB4IiBoZWlnaHQ9Ijk5OTk5cHgiIHZpZXdCb3g9IjAgMCA5OTk5OSA5OTk5OSIgdmVyc2lvbj0iMS4xIiB4bWxucz0iaHR0cDovL3d3dy53My5vcmcvMjAwMC9zdmciIHhtbG5zOnhsaW5rPSJodHRwOi8vd3d3LnczLm9yZy8xOTk5L3hsaW5rIj48ZyBzdHJva2U9Im5vbmUiIGZpbGw9Im5vbmUiIGZpbGwtb3BhY2l0eT0iMCI+PHJlY3QgeD0iMCIgeT0iMCIgd2lkdGg9Ijk5OTk5IiBoZWlnaHQ9Ijk5OTk5Ij48L3JlY3Q+IDwvZz4gPC9zdmc+","Posted:   Jul 07, '24"
2 BHK Apartment for Sale in Om Residency Co op Housing Society Kalyan,₹67 Lac,g Society Kalyan,650 sqft,Ready to Move,1 out of 7,Semi-Furnished,2,3,,West,"data:image/svg+xml;base64,PD94bWwgdmVyc2lvbj0iMS4wIiBlbmNvZGluZz0iVVRGLTgiPz48c3ZnIHdpZHRoPSI5OTk5OXB4IiBoZWlnaHQ9Ijk5OTk5cHgiIHZpZXdCb3g9IjAgMCA5OTk5OSA5OTk5OSIgdmVyc2lvbj0iMS4xIiB4bWxucz0iaHR0cDovL3d3dy53My5vcmcvMjAwMC9zdmciIHhtbG5zOnhsaW5rPSJodHRwOi8vd3d3LnczLm9yZy8xOTk5L3hsaW5rIj48ZyBzdHJva2U9Im5vbmUiIGZpbGw9Im5vbmUiIGZpbGwtb3BhY2l0eT0iMCI+PHJlY3QgeD0iMCIgeT0iMCIgd2lkdGg9Ijk5OTk5IiBoZWlnaHQ9Ijk5OTk5Ij48L3JlY3Q+IDwvZz4gPC9zdmc+",Updated 1 month ago
2 BHK Apartment for Sale in Rambaug Kalyan,₹83 Lac,Rambaug Kalyan,700 sqft,Ready to Move,11 out of 11,Furnished,2,3,,North,"data:image/svg+xml;base64,PD94bWwgdmVyc2lvbj0iMS4wIiBlbmNvZGluZz0iVVRGLTgiPz48c3ZnIHdpZHRoPSI5OTk5OXB4IiBoZWlnaHQ9Ijk5OTk5cHgiIHZpZXdCb3g9IjAgMCA5OTk5OSA5OTk5OSIgdmVyc2lvbj0iMS4xIiB4bWxucz0iaHR0cDovL3d3dy53My5vcmcvMjAwMC9zdmciIHhtbG5zOnhsaW5rPSJodHRwOi8vd3d3LnczLm9yZy8xOTk5L3hsaW5rIj48ZyBzdHJva2U9Im5vbmUiIGZpbGw9Im5vbmUiIGZpbGwtb3BhY2l0eT0iMCI+PHJlY3QgeD0iMCIgeT0iMCIgd2lkdGg9Ijk5OTk5IiBoZWlnaHQ9Ijk5OTk5Ij48L3JlY3Q+IDwvZz4gPC9zdmc+",Posted:   3 months ago
2 BHK Apartment for Sale in Dombivli Kalyan,₹50 Lac,Dombivli Kalyan,,Ready to Move,5 out of 8,Semi-Furnished,2,,,,,Updated 1 month ago
2 BHK Apartment for Sale in Khadakpada Kalyan,₹70 Lac,Khadakpada Kalyan,728 sqft,Ready to Move,7 out of 7,Semi-Furnished,2,,,East,"data:image/svg+xml;base64,PD94bWwgdmVyc2lvbj0iMS4wIiBlbmNvZGluZz0iVVRGLTgiPz48c3ZnIHdpZHRoPSI5OTk5OXB4IiBoZWlnaHQ9Ijk5OTk5cHgiIHZpZXdCb3g9IjAgMCA5OTk5OSA5OTk5OSIgdmVyc2lvbj0iMS4xIiB4bWxucz0iaHR0cDovL3d3dy53My5vcmcvMjAwMC9zdmciIHhtbG5zOnhsaW5rPSJodHRwOi8vd3d3LnczLm9yZy8xOTk5L3hsaW5rIj48ZyBzdHJva2U9Im5vbmUiIGZpbGw9Im5vbmUiIGZpbGwtb3BhY2l0eT0iMCI+PHJlY3QgeD0iMCIgeT0iMCIgd2lkdGg9Ijk5OTk5IiBoZWlnaHQ9Ijk5OTk5Ij48L3JlY3Q+IDwvZz4gPC9zdmc+",Updated 3 weeks ago
2 BHK Apartment for Sale in Ulhasnagar Kalyan,₹28 Lac,Ulhasnagar Kalyan,799 sqft,Ready to Move,2 out of 6,Semi-Furnished,2,2,,,,Updated 4 weeks ago
2 BHK Apartment for Sale in sai dharshan apartment ot section Ulhasnagar 3 Kalyan,₹25 Lac,sai dharshan apartment ot section Ulhasnagar 3 Kalyan,1000 sqft,Ready to Move,1 out of 5,Semi-Furnished,2,2,,,,Posted:   3 months ago
"2 BHK Apartment for Sale in Khadakpada, Kalyan Kalyan",₹96 Lac,"Khadakpada, Kalyan Kalyan",,Ready to Move,6 out of 7,Unfurnished,2,,,,,Updated 4 weeks ago
2 BHK Apartment for Sale in Kalyan Murbad Road Kalyan,₹79 Lac,Kalyan Murbad Road Kalyan,744 sqft,Ready to Move,12 out of 27,Unfurnished,2,3,,,"data:image/svg+xml;base64,PD94bWwgdmVyc2lvbj0iMS4wIiBlbmNvZGluZz0iVVRGLTgiPz48c3ZnIHdpZHRoPSI5OTk5OXB4IiBoZWlnaHQ9Ijk5OTk5cHgiIHZpZXdCb3g9IjAgMCA5OTk5OSA5OTk5OSIgdmVyc2lvbj0iMS4xIiB4bWxucz0iaHR0cDovL3d3dy53My5vcmcvMjAwMC9zdmciIHhtbG5zOnhsaW5rPSJodHRwOi8vd3d3LnczLm9yZy8xOTk5L3hsaW5rIj48ZyBzdHJva2U9Im5vbmUiIGZpbGw9Im5vbmUiIGZpbGwtb3BhY2l0eT0iMCI+PHJlY3QgeD0iMCIgeT0iMCIgd2lkdGg9Ijk5OTk5IiBoZWlnaHQ9Ijk5OTk5Ij48L3JlY3Q+IDwvZz4gPC9zdmc+","Posted:   Jul 02, '24"
2 BHK Apartment for Sale in Dombivli Kalyan,₹70 Lac,Dombivli Kalyan,700 sqft,Ready to Move,4 out of 7,Semi-Furnished,2,3,1 Covered,East,,"Posted:   Jul 10, '24"
2 BHK Apartment for Sale in Dombivli Kalyan,₹62 Lac,Dombivli Kalyan,584 sqft,Ready to Move,3 out of 8,Furnished,2,2,,,,Posted:   3 months ago
2 BHK Apartment for Sale in sangam complex c wing flat no 604 rambaug chikanghar near chhatri bunglow kalyan west Kalyan,₹75 Lac,g flat no 604 rambaug chikanghar near chhatri bunglow kalyan west Kalyan,750 sqft,Ready to Move,Upper Basement out of 7,Semi-Furnished,2,1,,,,Updated 3 weeks ago
2 BHK Apartment for Sale in nandivali Kalyan,₹38 Lac,nandivali Kalyan,580 sqft,Ready to Move,2 out of 5,Furnished,2,,,,,Updated 1 month ago
2 BHK Apartment for Sale in Khadakpada Kalyan,₹88 Lac,Khadakpada Kalyan,850 sqft,Ready to Move,2 out of 14,Semi-Furnished,2,,,,,Posted:   3 months ago
2 BHK Apartment for Sale in Dombivli Kalyan,₹95 Lac,Dombivli Kalyan,605 sqft,Ready to Move,4 out of 7,Unfurnished,2,2,,East,https://img.staticmb.com/mbphoto/property/cropped_images/2024/Jun/15/Photo_h300_w450/73336679_8_hatsAppImage20240615at8.24.53AM_300_450.jpeg,Posted:   3 months ago
2 BHK Apartment for Sale in Kalyan,₹97 Lac,Kalyan,1000 sqft,Ready to Move,8 out of 18,Furnished,2,1,,East,,Updated 1 month ago
2 BHK Apartment for Sale in Mohan Suburbia Kalyan,₹38 Lac,Mohan Suburbia Kalyan,620 sqft,Ready to Move,7 out of 7,Semi-Furnished,2,3,,North,https://img.staticmb.com/mbphoto/property/cropped_images/2024/Jun/29/Photo_h300_w450/73574519_6_PropertyImage865-9421753309373_300_450.jpg,"Posted:   Jun 29, '24"
"3 BHK Apartment for Sale in Suresh tower,rambaug Kalyan",₹2 Cr,"Suresh tower,rambaug Kalyan",,Ready to Move,6 out of 7,Furnished,4,,,,,Updated 1 month ago
2 BHK Apartment for Sale in Rambaug Kalyan,₹89 Lac,Rambaug Kalyan,750 sqft,Ready to Move,3 out of 6,Unfurnished,2,2,,East,,Updated 1 month ago
2 BHK Apartment for Sale in Vrindavan society Kalyan,₹38 Lac,davan society Kalyan,,Ready to Move,3 out of 4,Semi-Furnished,2,,,West,"data:image/svg+xml;base64,PD94bWwgdmVyc2lvbj0iMS4wIiBlbmNvZGluZz0iVVRGLTgiPz48c3ZnIHdpZHRoPSI5OTk5OXB4IiBoZWlnaHQ9Ijk5OTk5cHgiIHZpZXdCb3g9IjAgMCA5OTk5OSA5OTk5OSIgdmVyc2lvbj0iMS4xIiB4bWxucz0iaHR0cDovL3d3dy53My5vcmcvMjAwMC9zdmciIHhtbG5zOnhsaW5rPSJodHRwOi8vd3d3LnczLm9yZy8xOTk5L3hsaW5rIj48ZyBzdHJva2U9Im5vbmUiIGZpbGw9Im5vbmUiIGZpbGwtb3BhY2l0eT0iMCI+PHJlY3QgeD0iMCIgeT0iMCIgd2lkdGg9Ijk5OTk5IiBoZWlnaHQ9Ijk5OTk5Ij48L3JlY3Q+IDwvZz4gPC9zdmc+",Updated 1 month ago
2 BHK Apartment for Sale in sai leela galaxy 100 feet road kalyan east Kalyan,₹69 Lac,sai leela galaxy 100 feet road kalyan east Kalyan,730 sqft,Ready to Move,6 out of 7,Furnished,2,1,,East,"data:image/svg+xml;base64,PD94bWwgdmVyc2lvbj0iMS4wIiBlbmNvZGluZz0iVVRGLTgiPz48c3ZnIHdpZHRoPSI5OTk5OXB4IiBoZWlnaHQ9Ijk5OTk5cHgiIHZpZXdCb3g9IjAgMCA5OTk5OSA5OTk5OSIgdmVyc2lvbj0iMS4xIiB4bWxucz0iaHR0cDovL3d3dy53My5vcmcvMjAwMC9zdmciIHhtbG5zOnhsaW5rPSJodHRwOi8vd3d3LnczLm9yZy8xOTk5L3hsaW5rIj48ZyBzdHJva2U9Im5vbmUiIGZpbGw9Im5vbmUiIGZpbGwtb3BhY2l0eT0iMCI+PHJlY3QgeD0iMCIgeT0iMCIgd2lkdGg9Ijk5OTk5IiBoZWlnaHQ9Ijk5OTk5Ij48L3JlY3Q+IDwvZz4gPC9zdmc+",Updated 1 month ago
2 BHK Apartment for Sale in Vithalwadi Kalyan,₹60 Lac,Vithalwadi Kalyan,550 sqft,Ready to Move,3 out of 7,Furnished,2,3,,,,Posted:   3 months ago
2 BHK Apartment for Sale in Anand sagar duo Kalyan,₹1.05 Cr,Anand sagar duo Kalyan,850 sqft,Ready to Move,11 out of 14,Unfurnished,2,3,,East,,Posted:   3 months ago
2 BHK Builder Floor for Sale in Kalyan Murbad Road Kalyan,₹25 Lac,Kalyan Murbad Road Kalyan,,Ready to Move,1 out of 2,Semi-Furnished,2,,,,,Updated 1 month ago
2 BHK Apartment for Sale in Thankar Pada Kalyan,₹90 Lac,Thankar Pada Kalyan,850 sqft,Ready to Move,1 out of 3,Furnished,2,1,,North,"data:image/svg+xml;base64,PD94bWwgdmVyc2lvbj0iMS4wIiBlbmNvZGluZz0iVVRGLTgiPz48c3ZnIHdpZHRoPSI5OTk5OXB4IiBoZWlnaHQ9Ijk5OTk5cHgiIHZpZXdCb3g9IjAgMCA5OTk5OSA5OTk5OSIgdmVyc2lvbj0iMS4xIiB4bWxucz0iaHR0cDovL3d3dy53My5vcmcvMjAwMC9zdmciIHhtbG5zOnhsaW5rPSJodHRwOi8vd3d3LnczLm9yZy8xOTk5L3hsaW5rIj48ZyBzdHJva2U9Im5vbmUiIGZpbGw9Im5vbmUiIGZpbGwtb3BhY2l0eT0iMCI+PHJlY3QgeD0iMCIgeT0iMCIgd2lkdGg9Ijk5OTk5IiBoZWlnaHQ9Ijk5OTk5Ij48L3JlY3Q+IDwvZz4gPC9zdmc+",Posted:   3 months ago
2 BHK Apartment for Sale in Khadakpada Kalyan,₹1.03 Cr,Khadakpada Kalyan,785 sqft,Ready to Move,7 out of 19,Semi-Furnished,2,2,1 Covered,East,"data:image/svg+xml;base64,PD94bWwgdmVyc2lvbj0iMS4wIiBlbmNvZGluZz0iVVRGLTgiPz48c3ZnIHdpZHRoPSI5OTk5OXB4IiBoZWlnaHQ9Ijk5OTk5cHgiIHZpZXdCb3g9IjAgMCA5OTk5OSA5OTk5OSIgdmVyc2lvbj0iMS4xIiB4bWxucz0iaHR0cDovL3d3dy53My5vcmcvMjAwMC9zdmciIHhtbG5zOnhsaW5rPSJodHRwOi8vd3d3LnczLm9yZy8xOTk5L3hsaW5rIj48ZyBzdHJva2U9Im5vbmUiIGZpbGw9Im5vbmUiIGZpbGwtb3BhY2l0eT0iMCI+PHJlY3QgeD0iMCIgeT0iMCIgd2lkdGg9Ijk5OTk5IiBoZWlnaHQ9Ijk5OTk5Ij48L3JlY3Q+IDwvZz4gPC9zdmc+",Updated 1 month ago
2 BHK Apartment for Sale in Khadakpada Kalyan,₹85 Lac,Khadakpada Kalyan,729 sqft,Poss. by Dec '24,5 out of 45,Semi-Furnished,2,3,,North - East,"data:image/svg+xml;base64,PD94bWwgdmVyc2lvbj0iMS4wIiBlbmNvZGluZz0iVVRGLTgiPz48c3ZnIHdpZHRoPSI5OTk5OXB4IiBoZWlnaHQ9Ijk5OTk5cHgiIHZpZXdCb3g9IjAgMCA5OTk5OSA5OTk5OSIgdmVyc2lvbj0iMS4xIiB4bWxucz0iaHR0cDovL3d3dy53My5vcmcvMjAwMC9zdmciIHhtbG5zOnhsaW5rPSJodHRwOi8vd3d3LnczLm9yZy8xOTk5L3hsaW5rIj48ZyBzdHJva2U9Im5vbmUiIGZpbGw9Im5vbmUiIGZpbGwtb3BhY2l0eT0iMCI+PHJlY3QgeD0iMCIgeT0iMCIgd2lkdGg9Ijk5OTk5IiBoZWlnaHQ9Ijk5OTk5Ij48L3JlY3Q+IDwvZz4gPC9zdmc+",Updated 1 month ago
2 BHK Apartment for Sale in Kalyan Murbad Road Kalyan,₹37.5 Lac,Kalyan Murbad Road Kalyan,868 sqft,Ready to Move,2 out of 4,Unfurnished,1,1,,,"data:image/svg+xml;base64,PD94bWwgdmVyc2lvbj0iMS4wIiBlbmNvZGluZz0iVVRGLTgiPz48c3ZnIHdpZHRoPSI5OTk5OXB4IiBoZWlnaHQ9Ijk5OTk5cHgiIHZpZXdCb3g9IjAgMCA5OTk5OSA5OTk5OSIgdmVyc2lvbj0iMS4xIiB4bWxucz0iaHR0cDovL3d3dy53My5vcmcvMjAwMC9zdmciIHhtbG5zOnhsaW5rPSJodHRwOi8vd3d3LnczLm9yZy8xOTk5L3hsaW5rIj48ZyBzdHJva2U9Im5vbmUiIGZpbGw9Im5vbmUiIGZpbGwtb3BhY2l0eT0iMCI+PHJlY3QgeD0iMCIgeT0iMCIgd2lkdGg9Ijk5OTk5IiBoZWlnaHQ9Ijk5OTk5Ij48L3JlY3Q+IDwvZz4gPC9zdmc+",Posted:   3 months ago
2 BHK Apartment for Sale in Kalyan,₹55 Lac,Kalyan,536 sqft,Ready to Move,5 out of 8,Unfurnished,2,2,,East,"data:image/svg+xml;base64,PD94bWwgdmVyc2lvbj0iMS4wIiBlbmNvZGluZz0iVVRGLTgiPz48c3ZnIHdpZHRoPSI5OTk5OXB4IiBoZWlnaHQ9Ijk5OTk5cHgiIHZpZXdCb3g9IjAgMCA5OTk5OSA5OTk5OSIgdmVyc2lvbj0iMS4xIiB4bWxucz0iaHR0cDovL3d3dy53My5vcmcvMjAwMC9zdmciIHhtbG5zOnhsaW5rPSJodHRwOi8vd3d3LnczLm9yZy8xOTk5L3hsaW5rIj48ZyBzdHJva2U9Im5vbmUiIGZpbGw9Im5vbmUiIGZpbGwtb3BhY2l0eT0iMCI+PHJlY3QgeD0iMCIgeT0iMCIgd2lkdGg9Ijk5OTk5IiBoZWlnaHQ9Ijk5OTk5Ij48L3JlY3Q+IDwvZz4gPC9zdmc+",Posted:   3 months ago
3 BHK Apartment for Sale in Dombivli Kalyan,₹90 Lac,Dombivli Kalyan,860 sqft,Ready to Move,12 out of 18,Unfurnished,2,1,,,"data:image/svg+xml;base64,PD94bWwgdmVyc2lvbj0iMS4wIiBlbmNvZGluZz0iVVRGLTgiPz48c3ZnIHdpZHRoPSI5OTk5OXB4IiBoZWlnaHQ9Ijk5OTk5cHgiIHZpZXdCb3g9IjAgMCA5OTk5OSA5OTk5OSIgdmVyc2lvbj0iMS4xIiB4bWxucz0iaHR0cDovL3d3dy53My5vcmcvMjAwMC9zdmciIHhtbG5zOnhsaW5rPSJodHRwOi8vd3d3LnczLm9yZy8xOTk5L3hsaW5rIj48ZyBzdHJva2U9Im5vbmUiIGZpbGw9Im5vbmUiIGZpbGwtb3BhY2l0eT0iMCI+PHJlY3QgeD0iMCIgeT0iMCIgd2lkdGg9Ijk5OTk5IiBoZWlnaHQ9Ijk5OTk5Ij48L3JlY3Q+IDwvZz4gPC9zdmc+",Posted:   3 months ago
2 BHK Apartment for Sale in Z P Hills Kalyan,₹52 Lac,Z P Hills Kalyan,,Ready to Move,4 out of 7,Semi-Furnished,2,4,1 Open,East,"data:image/svg+xml;base64,PD94bWwgdmVyc2lvbj0iMS4wIiBlbmNvZGluZz0iVVRGLTgiPz48c3ZnIHdpZHRoPSI5OTk5OXB4IiBoZWlnaHQ9Ijk5OTk5cHgiIHZpZXdCb3g9IjAgMCA5OTk5OSA5OTk5OSIgdmVyc2lvbj0iMS4xIiB4bWxucz0iaHR0cDovL3d3dy53My5vcmcvMjAwMC9zdmciIHhtbG5zOnhsaW5rPSJodHRwOi8vd3d3LnczLm9yZy8xOTk5L3hsaW5rIj48ZyBzdHJva2U9Im5vbmUiIGZpbGw9Im5vbmUiIGZpbGwtb3BhY2l0eT0iMCI+PHJlY3QgeD0iMCIgeT0iMCIgd2lkdGg9Ijk5OTk5IiBoZWlnaHQ9Ijk5OTk5Ij48L3JlY3Q+IDwvZz4gPC9zdmc+",Posted:   3 months ago
2 BHK Apartment for Sale in Dombivli Kalyan,₹68 Lac,Dombivli Kalyan,,Ready to Move,Ground out of 19,Semi-Furnished,2,,,,,Updated 1 month ago
3 BHK Apartment for Sale in Dombivli Kalyan,₹1.40 Cr,Dombivli Kalyan,946 sqft,Ready to Move,1 out of 6,Semi-Furnished,3,1,,East,"data:image/svg+xml;base64,PD94bWwgdmVyc2lvbj0iMS4wIiBlbmNvZGluZz0iVVRGLTgiPz48c3ZnIHdpZHRoPSI5OTk5OXB4IiBoZWlnaHQ9Ijk5OTk5cHgiIHZpZXdCb3g9IjAgMCA5OTk5OSA5OTk5OSIgdmVyc2lvbj0iMS4xIiB4bWxucz0iaHR0cDovL3d3dy53My5vcmcvMjAwMC9zdmciIHhtbG5zOnhsaW5rPSJodHRwOi8vd3d3LnczLm9yZy8xOTk5L3hsaW5rIj48ZyBzdHJva2U9Im5vbmUiIGZpbGw9Im5vbmUiIGZpbGwtb3BhY2l0eT0iMCI+PHJlY3QgeD0iMCIgeT0iMCIgd2lkdGg9Ijk5OTk5IiBoZWlnaHQ9Ijk5OTk5Ij48L3JlY3Q+IDwvZz4gPC9zdmc+",Posted:   3 months ago
2 BHK Apartment for Sale in Amrut siddhi complex titwala east Kalyan,₹45 Lac,Amrut siddhi complex titwala east Kalyan,560 sqft,Ready to Move,13 out of 14,Semi-Furnished,2,2,,North,"data:image/svg+xml;base64,PD94bWwgdmVyc2lvbj0iMS4wIiBlbmNvZGluZz0iVVRGLTgiPz48c3ZnIHdpZHRoPSI5OTk5OXB4IiBoZWlnaHQ9Ijk5OTk5cHgiIHZpZXdCb3g9IjAgMCA5OTk5OSA5OTk5OSIgdmVyc2lvbj0iMS4xIiB4bWxucz0iaHR0cDovL3d3dy53My5vcmcvMjAwMC9zdmciIHhtbG5zOnhsaW5rPSJodHRwOi8vd3d3LnczLm9yZy8xOTk5L3hsaW5rIj48ZyBzdHJva2U9Im5vbmUiIGZpbGw9Im5vbmUiIGZpbGwtb3BhY2l0eT0iMCI+PHJlY3QgeD0iMCIgeT0iMCIgd2lkdGg9Ijk5OTk5IiBoZWlnaHQ9Ijk5OTk5Ij48L3JlY3Q+IDwvZz4gPC9zdmc+",Updated 4 weeks ago
2 BHK Apartment for Sale in Dombivli Kalyan,₹1.10 Cr,Dombivli Kalyan,800 sqft,Ready to Move,3 out of 9,Semi-Furnished,2,1,,,,"Posted:   Jun 24, '24"
"3 BHK Apartment for Sale in Mangala Velly, Khadakpada Kalyan",₹88 Lac,"Mangala Velly, Khadakpada Kalyan",900 sqft,Ready to Move,3 out of 7,Unfurnished,3,2,,East,"data:image/svg+xml;base64,PD94bWwgdmVyc2lvbj0iMS4wIiBlbmNvZGluZz0iVVRGLTgiPz48c3ZnIHdpZHRoPSI5OTk5OXB4IiBoZWlnaHQ9Ijk5OTk5cHgiIHZpZXdCb3g9IjAgMCA5OTk5OSA5OTk5OSIgdmVyc2lvbj0iMS4xIiB4bWxucz0iaHR0cDovL3d3dy53My5vcmcvMjAwMC9zdmciIHhtbG5zOnhsaW5rPSJodHRwOi8vd3d3LnczLm9yZy8xOTk5L3hsaW5rIj48ZyBzdHJva2U9Im5vbmUiIGZpbGw9Im5vbmUiIGZpbGwtb3BhY2l0eT0iMCI+PHJlY3QgeD0iMCIgeT0iMCIgd2lkdGg9Ijk5OTk5IiBoZWlnaHQ9Ijk5OTk5Ij48L3JlY3Q+IDwvZz4gPC9zdmc+",Updated 1 month ago
2 BHK Apartment for Sale in Ambivali Kalyan,₹50 Lac,Ambivali Kalyan,,Ready to Move,3 out of 17,Semi-Furnished,2,,,,,Updated 1 month ago
"2 BHK Apartment for Sale in Jeen SS Pride , Chikan Ghar Kalyan",₹85 Lac,"Jeen SS Pride , Chikan Ghar Kalyan",753 sqft,Ready to Move,11 out of 13,Semi-Furnished,2,1,,East,"data:image/svg+xml;base64,PD94bWwgdmVyc2lvbj0iMS4wIiBlbmNvZGluZz0iVVRGLTgiPz48c3ZnIHdpZHRoPSI5OTk5OXB4IiBoZWlnaHQ9Ijk5OTk5cHgiIHZpZXdCb3g9IjAgMCA5OTk5OSA5OTk5OSIgdmVyc2lvbj0iMS4xIiB4bWxucz0iaHR0cDovL3d3dy53My5vcmcvMjAwMC9zdmciIHhtbG5zOnhsaW5rPSJodHRwOi8vd3d3LnczLm9yZy8xOTk5L3hsaW5rIj48ZyBzdHJva2U9Im5vbmUiIGZpbGw9Im5vbmUiIGZpbGwtb3BhY2l0eT0iMCI+PHJlY3QgeD0iMCIgeT0iMCIgd2lkdGg9Ijk5OTk5IiBoZWlnaHQ9Ijk5OTk5Ij48L3JlY3Q+IDwvZz4gPC9zdmc+",Posted:   3 months ago
2 BHK Apartment for Sale in Badlapur east Kalyan,₹42 Lac,Badlapur east Kalyan,1075 sqft,Ready to Move,4 out of 4,Unfurnished,2,,,,,Posted:   3 months ago
3 BHK Apartment for Sale in Krishna Regency Kalyan,₹1.15 Cr,Krishna Regency Kalyan,1200 sqft,Ready to Move,8 out of 14,Semi-Furnished,3,4,,East,,Posted:   3 months ago
2 BHK Apartment for Sale in Rambaug Kalyan,₹90 Lac,Rambaug Kalyan,,Ready to Move,,,,,,,,"Posted:   Jul 10, '24"
2 BHK Apartment for Sale in Dombivli Kalyan,₹85 Lac,Dombivli Kalyan,900 sqft,Ready to Move,3 out of 3,Semi-Furnished,2,1,1 Covered,,"data:image/svg+xml;base64,PD94bWwgdmVyc2lvbj0iMS4wIiBlbmNvZGluZz0iVVRGLTgiPz48c3ZnIHdpZHRoPSI5OTk5OXB4IiBoZWlnaHQ9Ijk5OTk5cHgiIHZpZXdCb3g9IjAgMCA5OTk5OSA5OTk5OSIgdmVyc2lvbj0iMS4xIiB4bWxucz0iaHR0cDovL3d3dy53My5vcmcvMjAwMC9zdmciIHhtbG5zOnhsaW5rPSJodHRwOi8vd3d3LnczLm9yZy8xOTk5L3hsaW5rIj48ZyBzdHJva2U9Im5vbmUiIGZpbGw9Im5vbmUiIGZpbGwtb3BhY2l0eT0iMCI+PHJlY3QgeD0iMCIgeT0iMCIgd2lkdGg9Ijk5OTk5IiBoZWlnaHQ9Ijk5OTk5Ij48L3JlY3Q+IDwvZz4gPC9zdmc+",Updated 3 weeks ago
"2 BHK Apartment for Sale in Vithalwadi, Kalyan Kalyan",₹80 Lac,"Vithalwadi, Kalyan Kalyan",,Ready to Move,4 out of 14,Unfurnished,2,1,,East,"data:image/svg+xml;base64,PD94bWwgdmVyc2lvbj0iMS4wIiBlbmNvZGluZz0iVVRGLTgiPz48c3ZnIHdpZHRoPSI5OTk5OXB4IiBoZWlnaHQ9Ijk5OTk5cHgiIHZpZXdCb3g9IjAgMCA5OTk5OSA5OTk5OSIgdmVyc2lvbj0iMS4xIiB4bWxucz0iaHR0cDovL3d3dy53My5vcmcvMjAwMC9zdmciIHhtbG5zOnhsaW5rPSJodHRwOi8vd3d3LnczLm9yZy8xOTk5L3hsaW5rIj48ZyBzdHJva2U9Im5vbmUiIGZpbGw9Im5vbmUiIGZpbGwtb3BhY2l0eT0iMCI+PHJlY3QgeD0iMCIgeT0iMCIgd2lkdGg9Ijk5OTk5IiBoZWlnaHQ9Ijk5OTk5Ij48L3JlY3Q+IDwvZz4gPC9zdmc+",Updated 1 month ago
3 BHK Apartment for Sale in Kalyan Murbad Road Kalyan,₹1.50 Cr,Kalyan Murbad Road Kalyan,,Ready to Move,11 out of 29,Furnished,3,2,,,,Posted:   3 months ago
2 BHK Apartment for Sale in Godrej Hill Kalyan,₹75 Lac,Godrej Hill Kalyan,925 sqft,Ready to Move,2 out of 9,Unfurnished,2,1,,East,https://img.staticmb.com/mbphoto/property/cropped_images/2024/Feb/25/Photo_h300_w450/71559137_1_PropertyImage309-77755189428626_300_450.jpg,Updated 1 month ago
2 BHK Apartment for Sale in rajeshwari Heights Bldg Kalyan,₹58 Lac,rajeshwari Heights Bldg Kalyan,640 sqft,Ready to Move,2 out of 7,Unfurnished,2,3,,South -West,https://img.staticmb.com/mbphoto/property/cropped_images/2024/Jun/30/Photo_h300_w450/66135621_10_PropertyImage64-30676516511835_300_450.jpg,Posted:   3 months ago
"3 BHK Apartment for Sale in Mangala Vally, Godrej Hill Kalyan",₹85 Lac,"Mangala Vally, Godrej Hill Kalyan",,Ready to Move,5 out of 7,Unfurnished,3,,,North - East,https://img.staticmb.com/mbphoto/property/cropped_images/2024/Jan/17/Photo_h300_w450/60ff9345-ed0a-4f00-919d-d8fbc70435dd_70949251_300_450.jpg,Posted:   3 months ago
3 BHK Apartment for Sale in Khadakpada Kalyan,₹1.55 Cr,Khadakpada Kalyan,1175 sqft,Ready to Move,6 out of 23,Unfurnished,3,3,,South,"data:image/svg+xml;base64,PD94bWwgdmVyc2lvbj0iMS4wIiBlbmNvZGluZz0iVVRGLTgiPz48c3ZnIHdpZHRoPSI5OTk5OXB4IiBoZWlnaHQ9Ijk5OTk5cHgiIHZpZXdCb3g9IjAgMCA5OTk5OSA5OTk5OSIgdmVyc2lvbj0iMS4xIiB4bWxucz0iaHR0cDovL3d3dy53My5vcmcvMjAwMC9zdmciIHhtbG5zOnhsaW5rPSJodHRwOi8vd3d3LnczLm9yZy8xOTk5L3hsaW5rIj48ZyBzdHJva2U9Im5vbmUiIGZpbGw9Im5vbmUiIGZpbGwtb3BhY2l0eT0iMCI+PHJlY3QgeD0iMCIgeT0iMCIgd2lkdGg9Ijk5OTk5IiBoZWlnaHQ9Ijk5OTk5Ij48L3JlY3Q+IDwvZz4gPC9zdmc+",Updated 4 weeks ago
2 BHK Apartment for Sale in tata amantra Kalyan,₹60 Lac,tata amantra Kalyan,610 sqft,Ready to Move,9 out of 24,Unfurnished,1,2,,,,Posted:   3 months ago
2 BHK Apartment for Sale in Khadakpada Kalyan,₹7 Lac,Khadakpada Kalyan,956 sqft,Ready to Move,4 out of 5,Semi-Furnished,2,1,,,"data:image/svg+xml;base64,PD94bWwgdmVyc2lvbj0iMS4wIiBlbmNvZGluZz0iVVRGLTgiPz48c3ZnIHdpZHRoPSI5OTk5OXB4IiBoZWlnaHQ9Ijk5OTk5cHgiIHZpZXdCb3g9IjAgMCA5OTk5OSA5OTk5OSIgdmVyc2lvbj0iMS4xIiB4bWxucz0iaHR0cDovL3d3dy53My5vcmcvMjAwMC9zdmciIHhtbG5zOnhsaW5rPSJodHRwOi8vd3d3LnczLm9yZy8xOTk5L3hsaW5rIj48ZyBzdHJva2U9Im5vbmUiIGZpbGw9Im5vbmUiIGZpbGwtb3BhY2l0eT0iMCI+PHJlY3QgeD0iMCIgeT0iMCIgd2lkdGg9Ijk5OTk5IiBoZWlnaHQ9Ijk5OTk5Ij48L3JlY3Q+IDwvZz4gPC9zdmc+",Updated 3 months ago
2 BHK Apartment for Sale in eknath elclavr Kalyan,₹56 Lac,eknath elclavr Kalyan,703 sqft,Ready to Move,2 out of 15,Unfurnished,2,4,,West,"data:image/svg+xml;base64,PD94bWwgdmVyc2lvbj0iMS4wIiBlbmNvZGluZz0iVVRGLTgiPz48c3ZnIHdpZHRoPSI5OTk5OXB4IiBoZWlnaHQ9Ijk5OTk5cHgiIHZpZXdCb3g9IjAgMCA5OTk5OSA5OTk5OSIgdmVyc2lvbj0iMS4xIiB4bWxucz0iaHR0cDovL3d3dy53My5vcmcvMjAwMC9zdmciIHhtbG5zOnhsaW5rPSJodHRwOi8vd3d3LnczLm9yZy8xOTk5L3hsaW5rIj48ZyBzdHJva2U9Im5vbmUiIGZpbGw9Im5vbmUiIGZpbGwtb3BhY2l0eT0iMCI+PHJlY3QgeD0iMCIgeT0iMCIgd2lkdGg9Ijk5OTk5IiBoZWlnaHQ9Ijk5OTk5Ij48L3JlY3Q+IDwvZz4gPC9zdmc+",Posted:   3 months ago
2 BHK Apartment for Sale in tata power Kalyan,₹55 Lac,tata power Kalyan,,Ready to Move,1 out of 5,Semi-Furnished,2,,,,,Posted:   3 months ago
3 BHK Apartment for Sale in Maatr skye Kalyan,₹1.50 Cr,Maatr skye Kalyan,,Ready to Move,9 out of 24,Unfurnished,3,,,,,Posted:   3 months ago
2 BHK Apartment for Sale in Dombivli Kalyan,₹85 Lac,Dombivli Kalyan,940 sqft,Ready to Move,4 out of 6,Semi-Furnished,2,,,,,"Posted:   Jun 23, '24"
2 BHK Apartment for Sale in hajimalang road bhal gaon Kalyan,₹19 Lac,hajimalang road bhal gaon Kalyan,45 sqft,Ready to Move,Ground out of 1,Unfurnished,1,,,West,"data:image/svg+xml;base64,PD94bWwgdmVyc2lvbj0iMS4wIiBlbmNvZGluZz0iVVRGLTgiPz48c3ZnIHdpZHRoPSI5OTk5OXB4IiBoZWlnaHQ9Ijk5OTk5cHgiIHZpZXdCb3g9IjAgMCA5OTk5OSA5OTk5OSIgdmVyc2lvbj0iMS4xIiB4bWxucz0iaHR0cDovL3d3dy53My5vcmcvMjAwMC9zdmciIHhtbG5zOnhsaW5rPSJodHRwOi8vd3d3LnczLm9yZy8xOTk5L3hsaW5rIj48ZyBzdHJva2U9Im5vbmUiIGZpbGw9Im5vbmUiIGZpbGwtb3BhY2l0eT0iMCI+PHJlY3QgeD0iMCIgeT0iMCIgd2lkdGg9Ijk5OTk5IiBoZWlnaHQ9Ijk5OTk5Ij48L3JlY3Q+IDwvZz4gPC9zdmc+",Posted:   3 months ago
2 BHK Apartment for Sale in 806 Nilkanth shtushti Kalyan,₹80 Lac,806 Nilkanth shtushti Kalyan,720 sqft,Ready to Move,8 out of 10,Unfurnished,2,4,,,"data:image/svg+xml;base64,PD94bWwgdmVyc2lvbj0iMS4wIiBlbmNvZGluZz0iVVRGLTgiPz48c3ZnIHdpZHRoPSI5OTk5OXB4IiBoZWlnaHQ9Ijk5OTk5cHgiIHZpZXdCb3g9IjAgMCA5OTk5OSA5OTk5OSIgdmVyc2lvbj0iMS4xIiB4bWxucz0iaHR0cDovL3d3dy53My5vcmcvMjAwMC9zdmciIHhtbG5zOnhsaW5rPSJodHRwOi8vd3d3LnczLm9yZy8xOTk5L3hsaW5rIj48ZyBzdHJva2U9Im5vbmUiIGZpbGw9Im5vbmUiIGZpbGwtb3BhY2l0eT0iMCI+PHJlY3QgeD0iMCIgeT0iMCIgd2lkdGg9Ijk5OTk5IiBoZWlnaHQ9Ijk5OTk5Ij48L3JlY3Q+IDwvZz4gPC9zdmc+","Posted:   Jul 09, '24"
2 BHK Apartment for Sale in Sai satyam homes near Saint Lawrence school Aadharwadi Jail road near khadakpada kalyan wast Kalyan,₹70 Lac,t Lawrence school Aadharwadi Jail road near khadakpada kalyan wast Kalyan,,Ready to Move,13 out of 18,Furnished,2,,,,,"Posted:   Jul 08, '24"
2 BHK Apartment for Sale in Aadharwadi Kalyan,₹63 Lac,Aadharwadi Kalyan,452 sqft,Ready to Move,12 out of 24,Unfurnished,2,4,1 Covered,South - East,"data:image/svg+xml;base64,PD94bWwgdmVyc2lvbj0iMS4wIiBlbmNvZGluZz0iVVRGLTgiPz48c3ZnIHdpZHRoPSI5OTk5OXB4IiBoZWlnaHQ9Ijk5OTk5cHgiIHZpZXdCb3g9IjAgMCA5OTk5OSA5OTk5OSIgdmVyc2lvbj0iMS4xIiB4bWxucz0iaHR0cDovL3d3dy53My5vcmcvMjAwMC9zdmciIHhtbG5zOnhsaW5rPSJodHRwOi8vd3d3LnczLm9yZy8xOTk5L3hsaW5rIj48ZyBzdHJva2U9Im5vbmUiIGZpbGw9Im5vbmUiIGZpbGwtb3BhY2l0eT0iMCI+PHJlY3QgeD0iMCIgeT0iMCIgd2lkdGg9Ijk5OTk5IiBoZWlnaHQ9Ijk5OTk5Ij48L3JlY3Q+IDwvZz4gPC9zdmc+",Updated 1 month ago
2 BHK Apartment for Sale in Rambaug Kalyan,₹65 Lac,Rambaug Kalyan,506 sqft,Ready to Move,4 out of 7,Unfurnished,2,,,South,"data:image/svg+xml;base64,PD94bWwgdmVyc2lvbj0iMS4wIiBlbmNvZGluZz0iVVRGLTgiPz48c3ZnIHdpZHRoPSI5OTk5OXB4IiBoZWlnaHQ9Ijk5OTk5cHgiIHZpZXdCb3g9IjAgMCA5OTk5OSA5OTk5OSIgdmVyc2lvbj0iMS4xIiB4bWxucz0iaHR0cDovL3d3dy53My5vcmcvMjAwMC9zdmciIHhtbG5zOnhsaW5rPSJodHRwOi8vd3d3LnczLm9yZy8xOTk5L3hsaW5rIj48ZyBzdHJva2U9Im5vbmUiIGZpbGw9Im5vbmUiIGZpbGwtb3BhY2l0eT0iMCI+PHJlY3QgeD0iMCIgeT0iMCIgd2lkdGg9Ijk5OTk5IiBoZWlnaHQ9Ijk5OTk5Ij48L3JlY3Q+IDwvZz4gPC9zdmc+",Updated 2 weeks ago
2 BHK Apartment for Sale in Dombivli Kalyan,Call for Price,Dombivli Kalyan,837 sqft,Ready to Move,2 out of 12,Semi-Furnished,2,4,1 Open,South -West,"data:image/svg+xml;base64,PD94bWwgdmVyc2lvbj0iMS4wIiBlbmNvZGluZz0iVVRGLTgiPz48c3ZnIHdpZHRoPSI5OTk5OXB4IiBoZWlnaHQ9Ijk5OTk5cHgiIHZpZXdCb3g9IjAgMCA5OTk5OSA5OTk5OSIgdmVyc2lvbj0iMS4xIiB4bWxucz0iaHR0cDovL3d3dy53My5vcmcvMjAwMC9zdmciIHhtbG5zOnhsaW5rPSJodHRwOi8vd3d3LnczLm9yZy8xOTk5L3hsaW5rIj48ZyBzdHJva2U9Im5vbmUiIGZpbGw9Im5vbmUiIGZpbGwtb3BhY2l0eT0iMCI+PHJlY3QgeD0iMCIgeT0iMCIgd2lkdGg9Ijk5OTk5IiBoZWlnaHQ9Ijk5OTk5Ij48L3JlY3Q+IDwvZz4gPC9zdmc+",Updated 1 week ago
2 BHK Apartment for Sale in Kalyan Kalyan,Call for Price,Kalyan Kalyan,,Ready to Move,13 out of 26,,,,,,,"Posted:   Aug 27, '24"
2 BHK Apartment for Sale in Lodha palava phase II downtown Kalyan,Call for Price,Lodha palava phase II downtown Kalyan,,,,,,,,,,"Posted:   Jul 04, '24"
3 BHK Apartment for Sale in Khadakpada Kalyan,Call for Price,Khadakpada Kalyan,,Ready to Move,9 out of 15,Semi-Furnished,3,,,,,Posted:   3 months ago
2 BHK Apartment for Sale in Dombivli Kalyan,Call for Price,Dombivli Kalyan,,,,,,,,,,Posted:   3 months ago
3 BHK Apartment for Sale in Dombivli Kalyan,Call for Price,Dombivli Kalyan,,Ready to Move,17,Unfurnished,2,,,,,Updated 3 weeks ago
3 BHK Apartment for Sale in Tharwani asterdale Kalyan,Call for Price,Tharwani asterdale Kalyan,,,,,,,,,,Posted:   3 months ago
3 BHK Apartment for Sale in Dombivli Kalyan,₹79 Lac,Dombivli Kalyan,800 sqft,Poss. by Jun '26,,Unfurnished,2,1,"1 Covered,",East,"data:image/svg+xml;base64,PD94bWwgdmVyc2lvbj0iMS4wIiBlbmNvZGluZz0iVVRGLTgiPz48c3ZnIHdpZHRoPSI5OTk5OXB4IiBoZWlnaHQ9Ijk5OTk5cHgiIHZpZXdCb3g9IjAgMCA5OTk5OSA5OTk5OSIgdmVyc2lvbj0iMS4xIiB4bWxucz0iaHR0cDovL3d3dy53My5vcmcvMjAwMC9zdmciIHhtbG5zOnhsaW5rPSJodHRwOi8vd3d3LnczLm9yZy8xOTk5L3hsaW5rIj48ZyBzdHJva2U9Im5vbmUiIGZpbGw9Im5vbmUiIGZpbGwtb3BhY2l0eT0iMCI+PHJlY3QgeD0iMCIgeT0iMCIgd2lkdGg9Ijk5OTk5IiBoZWlnaHQ9Ijk5OTk5Ij48L3JlY3Q+IDwvZz4gPC9zdmc+",Posted:   Yesterday
2 BHK Apartment for Sale in Vithalwadi Kalyan,₹38.2 Lac,Vithalwadi Kalyan,479 sqft,Ready to Move,10 out of 16,Unfurnished,2,2,30 Covered,North,"data:image/svg+xml;base64,PD94bWwgdmVyc2lvbj0iMS4wIiBlbmNvZGluZz0iVVRGLTgiPz48c3ZnIHdpZHRoPSI5OTk5OXB4IiBoZWlnaHQ9Ijk5OTk5cHgiIHZpZXdCb3g9IjAgMCA5OTk5OSA5OTk5OSIgdmVyc2lvbj0iMS4xIiB4bWxucz0iaHR0cDovL3d3dy53My5vcmcvMjAwMC9zdmciIHhtbG5zOnhsaW5rPSJodHRwOi8vd3d3LnczLm9yZy8xOTk5L3hsaW5rIj48ZyBzdHJva2U9Im5vbmUiIGZpbGw9Im5vbmUiIGZpbGwtb3BhY2l0eT0iMCI+PHJlY3QgeD0iMCIgeT0iMCIgd2lkdGg9Ijk5OTk5IiBoZWlnaHQ9Ijk5OTk5Ij48L3JlY3Q+IDwvZz4gPC9zdmc+","Posted:   Aug 24, '24"
2 BHK Apartment for Sale in Kailash Garden Kalyan,₹80 Lac,Kailash Garden Kalyan,665 sqft,Ready to Move,8 out of 16,Unfurnished,2,3,,East,,"Posted:   Aug 28, '24"
2 BHK Apartment for Sale in Rambaug Kalyan,₹79 Lac,Rambaug Kalyan,585 sqft,Ready to Move,2 out of 7,Semi-Furnished,2,1,"1 Covered,",,"data:image/svg+xml;base64,PD94bWwgdmVyc2lvbj0iMS4wIiBlbmNvZGluZz0iVVRGLTgiPz48c3ZnIHdpZHRoPSI5OTk5OXB4IiBoZWlnaHQ9Ijk5OTk5cHgiIHZpZXdCb3g9IjAgMCA5OTk5OSA5OTk5OSIgdmVyc2lvbj0iMS4xIiB4bWxucz0iaHR0cDovL3d3dy53My5vcmcvMjAwMC9zdmciIHhtbG5zOnhsaW5rPSJodHRwOi8vd3d3LnczLm9yZy8xOTk5L3hsaW5rIj48ZyBzdHJva2U9Im5vbmUiIGZpbGw9Im5vbmUiIGZpbGwtb3BhY2l0eT0iMCI+PHJlY3QgeD0iMCIgeT0iMCIgd2lkdGg9Ijk5OTk5IiBoZWlnaHQ9Ijk5OTk5Ij48L3JlY3Q+IDwvZz4gPC9zdmc+",Updated 1 month ago
2 BHK Apartment for Sale in Om Rohan chs Kalyan,₹75 Lac,Om Rohan chs Kalyan,,Ready to Move,2 out of 5,Semi-Furnished,2,,,,,Updated 1 month ago
3 BHK Apartment for Sale in Dombivli Kalyan,₹1.20 Cr,Dombivli Kalyan,967 sqft,Ready to Move,7 out of 20,Furnished,2,4,,,,Updated 3 months ago
2 BHK Apartment for Sale in Sunder Nagar Co-operative Housing Society Kalyan,₹93.3 Lac,g Society Kalyan,,Ready to Move,4 out of 7,Furnished,3,,,,"data:image/svg+xml;base64,PD94bWwgdmVyc2lvbj0iMS4wIiBlbmNvZGluZz0iVVRGLTgiPz48c3ZnIHdpZHRoPSI5OTk5OXB4IiBoZWlnaHQ9Ijk5OTk5cHgiIHZpZXdCb3g9IjAgMCA5OTk5OSA5OTk5OSIgdmVyc2lvbj0iMS4xIiB4bWxucz0iaHR0cDovL3d3dy53My5vcmcvMjAwMC9zdmciIHhtbG5zOnhsaW5rPSJodHRwOi8vd3d3LnczLm9yZy8xOTk5L3hsaW5rIj48ZyBzdHJva2U9Im5vbmUiIGZpbGw9Im5vbmUiIGZpbGwtb3BhY2l0eT0iMCI+PHJlY3QgeD0iMCIgeT0iMCIgd2lkdGg9Ijk5OTk5IiBoZWlnaHQ9Ijk5OTk5Ij48L3JlY3Q+IDwvZz4gPC9zdmc+","Posted:   Jun 21, '24"
"2 BHK Apartment for Sale in Indraprasth Society, Adharwadi Kalyan",₹70 Lac,"Indraprasth Society, Adharwadi Kalyan",745 sqft,Ready to Move,1 out of 8,Semi-Furnished,2,1,1 Open,,"data:image/svg+xml;base64,PD94bWwgdmVyc2lvbj0iMS4wIiBlbmNvZGluZz0iVVRGLTgiPz48c3ZnIHdpZHRoPSI5OTk5OXB4IiBoZWlnaHQ9Ijk5OTk5cHgiIHZpZXdCb3g9IjAgMCA5OTk5OSA5OTk5OSIgdmVyc2lvbj0iMS4xIiB4bWxucz0iaHR0cDovL3d3dy53My5vcmcvMjAwMC9zdmciIHhtbG5zOnhsaW5rPSJodHRwOi8vd3d3LnczLm9yZy8xOTk5L3hsaW5rIj48ZyBzdHJva2U9Im5vbmUiIGZpbGw9Im5vbmUiIGZpbGwtb3BhY2l0eT0iMCI+PHJlY3QgeD0iMCIgeT0iMCIgd2lkdGg9Ijk5OTk5IiBoZWlnaHQ9Ijk5OTk5Ij48L3JlY3Q+IDwvZz4gPC9zdmc+",Posted:   3 months ago
2 BHK Apartment for Sale in Godrej Hill Kalyan,₹75 Lac,Godrej Hill Kalyan,,Ready to Move,1 out of 8,Unfurnished,2,,,East,,Updated 1 month ago
"2 BHK Apartment for Sale in Khadakpada, Kalyan Kalyan",₹96 Lac,"Khadakpada, Kalyan Kalyan",,Ready to Move,6 out of 7,Unfurnished,2,,,,https://img.staticmb.com/mbphoto/property/cropped_images/2024/Aug/17/Photo_h300_w450/74396535_1_1000328059_300_450.jpg,Updated 4 weeks ago
2 BHK Apartment for Sale in B Kalyan,Call for Price,B Kalyan,,Ready to Move,,,,,146 Covered,,https://img.staticmb.com/mbphoto/property/cropped_images/2024/Aug/28/Photo_h300_w450/74569307_1_oiom1_300_450.jpg,Updated 2 weeks ago
